RK,NAME,POS,GP,MIN,PTS,FGM,FGA,FG%,3PM,3PA,3P%,FTM,FTA,FT%,REB,AST,STL,BLK,TO,Unnamed: 20,Unnamed: 21,2022,Drafted?,Draft Pick,Draft Year
1,Peter Kiss,G,27,35.7,25.2,9.1,20.0,45.6,1.9,6.3,29.6,5.1,6.5,78.4,5.8,3.2,1.7,0.3,4.2,,,,,,
2,Darius McGhee,G,33,33.7,24.6,8.4,18.3,45.6,4.3,11.0,39.0,3.6,4.1,88.1,4.5,3.6,1.2,0.2,3.0,,,,,,
3,Antoine Davis,G,29,37.0,23.9,8.2,19.1,42.9,3.9,10.3,37.9,3.6,4.1,88.2,3.6,4.4,1.0,0.0,3.3,,,,,,
4,Keegan Murray,F,35,31.9,23.5,8.8,15.8,55.4,1.9,4.7,39.8,4.1,5.4,74.7,8.7,1.5,1.3,1.9,1.1,,,,,,
5,Max Abmas,G,30,36.8,22.8,7.5,17.9,42.2,3.8,9.8,38.9,4.0,4.7,85.0,3.4,3.7,1.0,0.1,2.3,,,,,,
6,Bryce Hamilton,G,32,32.3,21.8,7.6,17.8,43.0,2.5,7.2,34.6,4.0,5.3,76.8,5.0,2.2,0.8,0.1,1.9,,,,,,
7,Terrell Brown Jr,G,32,36.1,21.7,8.0,17.8,45.2,0.4,1.9,20.0,5.3,6.8,77.2,4.2,4.3,2.2,0.5,2.4,,,,,,
8,Javon Freeman-Liberty,G,24,34.9,21.7,7.3,17.0,43.0,2.0,5.5,36.8,5.0,6.7,73.9,7.3,3.2,1.7,0.1,2.2,,,,,,
9,Tavian Dunn-Martin,G,33,33.6,21.4,6.7,16.3,41.0,3.2,8.7,36.8,4.8,5.5,87.8,3.1,6.0,1.1,0.0,3.7,,,,,,
10,Daylen Kountz,G,37,34.4,21.2,7.8,15.2,51.2,1.6,3.8,42.1,4.1,5.0,82.3,4.1,2.6,0.8,0.4,2.4,,,,,,
11,Kofi Cockburn,C,28,30.7,20.9,8.1,13.6,59.3,0.0,0.0,0.0,4.8,7.3,65.5,10.6,0.8,0.8,1.0,2.3,,,,,,
12,Jordan Dingle,G,26,31.8,20.9,7.6,17.1,44.6,2.5,7.6,33.5,3.1,3.8,81.0,3.6,2.4,0.8,0.0,3.0,,,,,,
13,Ty Gordon,G,29,34.3,20.8,7.8,17.3,44.9,3.6,10.0,35.5,1.7,2.6,64.5,3.3,3.1,1.4,0.0,2.6,,,,,,
14,Scotty Pippen Jr,G,36,33.1,20.4,6.2,14.9,41.6,1.8,5.5,32.5,6.2,8.3,74.9,3.6,4.5,1.9,0.2,3.4,,,,,,
15,Isiaih Mosley,G,34,31.6,20.4,7.4,14.6,50.4,2.1,4.8,42.7,3.5,3.9,90.2,6.2,2.3,1.2,0.2,2.7,,,,,,
16,Jordan Walker,G,34,31.8,20.3,6.5,16.2,40.0,3.4,8.6,39.6,3.9,4.4,88.0,2.8,4.9,1.5,0.0,3.6,,,,,,
17,Derek St. Hilaire,G,31,33.4,20.1,6.8,16.3,41.8,1.9,6.0,32.4,4.6,5.5,82.6,3.9,2.6,1.8,0.2,3.0,,,,,,
18,Tanner Holden,G,36,35.3,20.1,6.8,13.6,49.7,0.4,1.1,34.1,6.1,7.8,78.9,7.1,2.6,1.4,0.2,2.5,,,,,,
19,Antonio Reeves,G,33,34.9,20.1,7.2,15.3,46.9,2.3,5.9,39.0,3.4,4.2,81.8,3.5,1.8,1.1,0.5,2.3,,,,,,
20,Jamal Cain,F,30,35.0,19.9,7.3,14.6,49.9,1.1,3.8,29.8,4.2,5.0,84.1,10.2,0.7,1.8,0.6,2.2,,,,,,
21,Malachi Smith,G,35,35.4,19.9,7.1,14.3,49.3,1.7,4.1,40.7,4.1,4.9,82.7,6.7,3.0,1.7,0.1,2.3,,,,,,
22,David Azore,G,26,34.6,19.8,6.3,15.4,40.6,1.3,4.2,30.9,6.0,7.1,84.3,4.5,1.8,0.9,0.1,3.0,,,,,,
23,Souley Boum,G,30,36.7,19.8,6.0,14.6,40.9,2.1,5.8,36.8,5.7,6.8,84.7,4.5,2.9,1.8,0.2,2.0,,,,,,
23,Lamar Norman Jr,G,30,34.7,19.8,7.0,15.8,44.5,3.4,9.0,37.3,2.4,3.0,79.8,3.1,1.8,0.8,0.1,2.0,,,,,,
25,Johnny Davis,G,31,34.2,19.7,6.8,15.9,42.7,1.2,3.9,30.6,5.0,6.3,79.1,8.2,2.1,1.2,0.7,2.3,,,,,,
26,Teddy Allen,G,34,33.4,19.6,6.3,14.4,43.8,2.2,6.6,33.5,4.8,5.5,87.6,6.7,2.5,1.2,0.1,2.8,,,,,,
27,Jahmir Young,G,31,35.8,19.6,6.8,14.5,46.8,1.8,5.3,34.1,4.3,4.8,89.2,5.9,3.7,1.1,0.5,2.1,,,,,,
28,Mark Sears,G,35,35.7,19.6,6.2,14.0,44.4,1.7,4.2,40.8,5.4,6.1,88.4,6.0,4.1,1.7,0.1,3.2,,,,,,
29,Jake Stephens,C,30,33.2,19.6,6.6,12.0,55.1,2.5,5.0,49.0,3.8,4.8,80.4,9.0,3.3,0.5,2.0,2.5,,,,,,
30,Graham Ike,F,33,31.6,19.5,7.3,14.3,51.0,0.1,0.3,27.3,4.8,6.7,71.6,9.6,1.3,0.7,0.3,3.3,,,,,,
31,Orlando Robinson,F,36,33.2,19.4,7.0,14.4,48.4,1.0,2.9,35.2,4.5,6.3,71.6,8.4,2.9,1.0,1.2,2.5,,,,,,
32,Kendric Davis,G,32,34.6,19.4,5.8,13.1,43.9,2.4,6.5,37.2,5.5,6.4,86.8,3.8,4.4,1.5,0.1,2.7,,,,,,
33,E.J. Liddell,F,32,33.2,19.4,6.3,12.9,49.0,1.4,3.8,37.4,5.3,6.9,76.5,7.9,2.5,0.6,2.6,2.4,,,,,,
34,Ques Glover,G,29,31.1,19.2,7.0,15.0,46.7,1.1,3.6,30.8,4.1,5.2,78.9,2.8,4.4,1.2,0.0,2.8,,,,,,
35,Julian Champagnie,G,31,34.2,19.2,7.1,17.2,41.4,2.1,6.2,33.7,2.9,3.7,78.1,6.6,2.0,2.0,1.1,1.5,,,,,,
36,Ty Flowers,F,29,34.7,19.2,7.0,15.3,45.4,3.0,7.7,39.0,2.3,3.0,75.0,7.8,3.2,1.4,1.6,2.4,,,,,,
37,David Roddy,G,31,32.9,19.2,7.2,12.5,57.1,1.5,3.4,43.8,3.4,4.9,69.1,7.5,2.9,1.2,1.1,2.3,,,,,,
38,Azar Swain,G,31,33.0,19.2,6.5,15.5,42.0,2.3,6.5,34.8,3.9,4.4,89.1,4.1,1.6,0.8,0.1,2.3,,,,,,
39,Buddy Boeheim,G,32,38.0,19.2,6.7,16.4,40.6,2.8,8.1,34.1,3.1,3.5,88.4,3.4,3.1,1.5,0.1,1.8,,,,,,
40,Nate Williams,F,29,32.6,19.1,7.5,15.3,49.0,2.1,4.6,45.1,2.1,3.0,69.0,5.0,2.9,1.4,0.8,2.9,,,,,,
41,Taevion Kinsey,G,31,36.9,19.1,7.1,16.5,42.9,0.5,3.0,18.3,4.4,5.9,74.5,5.1,4.2,1.0,0.1,2.7,,,,,,
42,Grant Sherfield,G,28,35.7,19.1,6.7,15.4,43.5,1.6,4.8,33.3,4.1,4.7,87.1,4.2,6.4,0.6,0.0,3.3,,,,,,
43,Bryce Fowler,G,29,33.5,19.0,7.5,15.0,49.9,0.7,2.0,32.2,3.4,4.9,69.2,5.3,4.0,1.4,0.3,2.4,,,,,,
44,Fardaws Aimaq,F,32,34.4,18.9,6.9,14.2,49.0,0.6,1.4,43.5,4.4,6.1,72.3,13.6,1.7,0.7,1.3,3.0,,,,,,
45,Jose Perez,G,30,33.2,18.9,5.9,14.9,39.9,1.0,3.7,25.9,6.1,7.6,80.2,3.2,4.5,0.8,0.4,3.3,,,,,,
45,MJ Randolph,G,30,38.6,18.9,7.0,14.9,46.7,0.4,1.5,23.9,4.6,6.7,68.7,6.2,3.5,2.0,0.1,3.4,,,,,,
47,Cam Spencer,G,30,36.9,18.9,6.9,14.8,46.8,2.0,5.6,35.3,3.0,3.5,85.8,4.8,3.2,2.3,0.2,1.3,,,,,,
48,Ryan Rollins,G,34,32.7,18.9,6.8,14.6,46.8,1.4,4.4,31.1,3.8,4.8,80.2,6.0,3.6,1.7,0.3,2.2,,,,,,
49,Jalen Cone,G,32,34.7,18.8,6.2,15.9,38.7,2.9,8.3,35.2,3.6,4.3,82.7,3.0,3.6,0.7,0.0,3.7,,,,,,
50,AJ Green,G,31,36.4,18.8,5.6,13.8,41.0,3.0,7.7,38.7,4.5,4.9,91.5,3.7,2.5,0.8,0.0,2.2,,,,,,
51,Ochai Agbaji,G,39,35.1,18.8,6.6,13.9,47.5,2.6,6.5,40.9,2.9,3.9,74.3,5.1,1.6,0.9,0.6,2.1,,,,,,
52,Hayden Brown,F,30,32.1,18.8,6.9,13.4,51.5,1.1,3.9,28.4,3.9,6.2,62.7,9.5,2.3,1.1,0.2,2.3,,,,,,
53,Savion Flagg,G,32,33.4,18.6,7.1,16.2,43.6,2.3,6.6,35.1,2.2,4.3,51.5,8.2,2.2,1.0,0.3,2.5,,,,,,
54,Hunter Dickinson,C,32,32.3,18.6,7.5,13.3,56.3,0.7,2.0,32.8,2.9,3.6,80.2,8.6,2.3,0.5,1.5,2.0,,,,,,
55,Alondes Williams,G,35,34.1,18.5,6.9,13.6,50.7,1.1,4.1,28.2,3.6,5.2,69.1,6.4,5.2,1.2,0.4,3.6,,,,,,
56,Aaron Estrada,G,32,35.2,18.5,7.2,15.1,47.7,1.9,5.8,33.0,2.3,2.4,93.5,5.7,5.0,1.5,0.2,2.6,,,,,,
57,Hunter Maldonado,G,33,37.3,18.5,6.5,13.0,49.5,0.6,2.5,25.0,4.9,6.9,71.1,5.7,6.3,1.2,0.1,3.7,,,,,,
58,Grant Basile,F,36,32.6,18.4,6.9,13.8,49.8,1.1,3.8,28.3,3.6,4.6,78.4,8.5,2.0,0.9,1.6,3.0,,,,,,
59,Drew Timme,F,32,28.0,18.4,7.3,12.4,58.6,0.3,0.9,28.6,3.7,5.4,67.8,6.8,2.8,0.3,0.8,2.5,,,,,,
60,John-Michael Wright,G,32,34.9,18.4,6.1,14.9,41.0,2.0,5.6,36.3,4.2,5.3,77.8,4.4,3.4,1.0,0.3,2.6,,,,,,
61,JD Notae,G,36,33.1,18.3,6.5,16.4,39.6,2.1,6.9,29.7,3.3,4.3,77.4,4.6,3.7,2.3,0.7,2.9,,,,,,
62,Trayce Jackson-Davis,F,35,32.3,18.3,7.0,11.9,58.9,0.0,0.1,0.0,4.2,6.2,67.4,8.1,1.9,0.6,2.3,1.7,,,,,,
63,Darius Lee,G,27,32.4,18.2,6.7,12.5,53.7,0.6,2.0,29.1,4.2,5.5,77.0,8.3,3.2,2.4,0.4,2.3,,,,,,
64,Jamal Mashburn Jr,G,32,33.9,18.2,6.5,15.1,42.8,1.6,4.6,34.2,3.7,4.7,78.7,2.7,2.1,0.6,0.1,2.1,,,,,,
65,Koby McEwen,G,33,34.2,18.2,5.4,12.0,45.3,2.1,5.8,35.2,5.2,6.3,83.2,4.2,2.2,1.4,0.3,2.3,,,,,,
66,Marcus Hammond,G,29,34.0,18.1,6.0,14.0,43.0,2.3,6.3,37.0,3.7,4.5,83.1,4.7,2.9,0.8,0.3,2.2,,,,,,
67,KJ Williams,F,34,29.1,18.0,7.2,13.4,53.8,1.1,3.3,32.7,2.5,3.6,69.9,8.4,0.7,1.4,0.6,1.5,,,,,,
68,Jalen Williams,G,33,34.8,18.0,6.6,12.9,51.3,1.3,3.2,39.6,3.5,4.3,80.9,4.4,4.2,1.2,0.5,2.1,,,,,,
69,Jalen Cook,G,24,33.8,18.0,6.0,14.1,42.9,2.2,5.5,39.1,3.7,4.7,79.5,2.5,3.5,1.6,0.1,2.0,,,,,,
70,Norchad Omier,F,29,28.9,17.9,7.0,11.1,63.2,0.0,0.1,33.3,3.9,5.3,72.9,12.2,1.2,1.6,2.0,2.7,,,,,,
71,Sincere Carry,G,34,36.6,17.9,6.1,14.1,43.1,2.3,6.5,35.3,3.4,4.4,78.5,4.5,4.8,1.4,0.2,2.7,,,,,,
72,Michael Devoe,G,31,34.5,17.9,6.5,14.0,46.2,2.3,6.2,36.5,2.7,3.7,73.3,4.9,3.1,1.4,0.4,2.8,,,,,,
73,Damaria Franklin,G,28,31.5,17.8,7.0,15.7,44.9,1.7,5.6,29.7,2.1,3.1,66.7,6.9,2.5,1.3,0.9,2.7,,,,,,
74,Kameron McGusty,G,37,34.1,17.8,6.4,13.4,47.6,1.6,4.6,35.5,3.4,4.2,81.4,4.9,2.4,1.8,0.3,1.9,,,,,,
75,Taz Sherman,G,31,34.1,17.7,6.1,14.6,41.4,2.1,6.0,34.6,3.5,4.5,79.7,3.0,2.4,1.3,0.2,2.7,,,,,,
76,Josh Oduro,F,27,31.6,17.7,6.7,12.7,52.9,0.5,1.8,29.2,3.7,5.3,70.1,7.5,1.7,1.1,1.7,2.7,,,,,,
77,Noah Kirkwood,G,26,32.8,17.7,6.8,14.2,47.7,1.8,5.1,35.3,2.4,3.0,80.5,5.7,3.0,1.8,0.5,2.8,,,,,,
78,Justin Johnson,G,31,34.8,17.7,6.0,12.0,50.1,1.1,3.2,33.3,4.6,6.8,67.9,6.7,2.3,0.8,0.4,4.0,,,,,,
79,Adrian Delph,G,34,35.8,17.7,6.1,14.7,41.7,3.1,7.8,39.6,2.4,3.1,77.9,5.4,1.8,1.0,0.5,2.0,,,,,,
80,Bennedict Mathurin,G,37,32.5,17.7,5.9,13.1,45.0,2.2,6.1,36.9,3.7,4.8,76.4,5.6,2.5,1.0,0.3,1.8,,,,,,
81,Charles Pride,G,32,35.3,17.7,6.4,14.1,45.1,1.8,5.7,32.6,3.1,4.0,76.7,8.6,2.4,1.6,0.3,1.7,,,,,,
82,Tristen Newton,G,30,34.8,17.7,5.5,12.6,43.5,1.6,4.8,33.3,5.1,5.8,87.9,4.8,5.0,1.4,0.3,3.5,,,,,,
83,Andrew Funk,G,32,36.6,17.6,6.7,15.4,43.2,2.7,7.5,36.3,1.6,2.1,76.1,3.6,3.0,0.8,0.3,1.8,,,,,,
84,Alex Morales,G,26,33.9,17.6,6.5,13.6,47.7,1.0,2.8,34.2,3.7,4.9,74.2,8.0,3.8,1.8,0.5,2.6,,,,,,
85,Dae Dae Grant,G,32,33.0,17.5,6.3,14.9,42.3,2.2,6.4,34.3,2.7,3.2,85.3,4.7,4.1,0.9,0.1,1.9,,,,,,
86,Iverson Molinar,G,34,34.1,17.5,6.0,13.3,45.4,0.8,3.1,25.2,4.6,5.4,86.8,3.1,3.6,1.2,0.4,2.4,,,,,,
87,Jamison Battle,F,29,36.7,17.5,6.4,14.2,45.0,2.6,7.1,36.6,2.1,2.7,75.9,6.3,1.0,0.4,0.4,1.3,,,,,,
88,Nijel Pack,G,29,33.1,17.4,6.0,13.3,45.5,3.3,7.5,43.6,2.1,2.4,84.5,3.8,2.2,1.3,0.1,1.5,,,,,,
89,Justin Bean,F,34,35.4,17.4,6.7,12.5,53.4,1.4,2.9,46.5,2.7,3.4,80.0,9.9,2.6,1.6,0.5,1.9,,,,,,
90,Javante McCoy,G,35,34.0,17.4,6.9,14.0,49.5,1.8,4.2,42.5,1.8,2.5,70.8,3.9,2.9,1.1,0.2,2.3,,,,,,
91,Eli Scott,G,29,35.4,17.4,6.4,12.4,51.8,0.2,1.1,18.2,4.3,5.6,76.1,6.4,3.0,0.7,0.4,3.7,,,,,,
92,Oscar Tshiebwe,C,34,31.9,17.4,7.0,11.6,60.6,0.0,0.0,0.0,3.4,4.9,69.1,15.1,1.1,1.8,1.6,1.9,,,,,,
93,Dereon Seabron,G,32,35.8,17.3,6.3,12.7,49.1,0.3,1.3,25.6,4.5,6.3,71.3,8.2,3.2,1.4,0.1,2.4,,,,,,
94,Ryan Davis,F,30,26.4,17.3,6.6,11.1,59.3,1.5,3.4,44.1,2.7,3.5,77.1,5.6,1.3,0.2,0.8,1.4,,,,,,
94,Jaden Ivey,G,36,31.4,17.3,5.6,12.3,46.0,1.8,5.0,35.8,4.3,5.8,74.4,4.9,3.1,0.9,0.6,2.6,,,,,,
96,Darrion Trammell,G,31,33.5,17.3,5.2,13.0,40.0,1.8,5.2,34.4,5.2,6.3,82.1,3.8,5.0,2.5,0.1,2.9,,,,,,
97,Jamaree Bouyea,G,34,36.2,17.3,6.4,13.7,47.0,2.1,5.8,36.7,2.3,3.0,75.5,5.0,4.0,1.8,0.9,2.3,,,,,,
98,Paolo Banchero,PF,39,33.0,17.2,6.3,13.2,47.8,1.1,3.3,33.8,3.5,4.8,72.9,7.8,3.2,1.1,0.9,2.4,,,,,,
99,Jalen Rucker,G,31,32.0,17.1,5.9,14.5,40.4,2.7,7.4,36.8,2.7,3.5,76.9,3.8,3.1,0.9,0.2,2.4,,,,,,
100,Eral Penn,F,29,32.1,17.1,5.7,13.2,42.8,1.4,4.7,29.4,4.4,6.2,70.9,7.4,1.9,1.3,1.1,1.6,,,,,,
101,Ray Harrison,G,32,35.7,17.1,5.7,15.5,36.5,1.7,6.8,24.3,4.1,4.8,85.1,3.9,3.0,1.1,0.2,2.3,,,,,,
102,Jabari Smith Jr,F,34,28.8,16.9,5.4,12.6,42.9,2.3,5.5,42.0,3.9,4.8,79.9,7.4,2.0,1.1,1.0,1.9,,,,,,
103,Tari Eason,F,33,24.4,16.9,5.8,11.1,52.1,0.8,2.4,35.9,4.6,5.7,80.3,6.6,1.0,1.9,1.1,2.2,,,,,,
104,Matt Bradley,G,32,31.5,16.9,5.8,13.3,43.8,1.8,4.4,40.1,3.5,4.5,77.9,5.4,2.7,1.0,0.2,2.7,,,,,,
105,Jaelen House,G,31,32.2,16.9,5.4,13.0,41.4,1.5,4.8,31.8,4.6,5.2,88.9,3.6,4.5,2.2,0.3,3.4,,,,,,
106,KJ Simon,G,30,31.0,16.9,6.6,15.4,43.0,1.4,4.8,29.2,2.3,3.3,70.7,4.9,1.8,1.6,1.4,2.0,,,,,,
107,Izaiah Brockington,G,35,34.6,16.9,6.4,14.4,44.7,1.0,2.7,36.2,3.1,3.9,77.5,6.8,1.6,1.3,0.3,2.0,,,,,,
108,Bryce McGowens,G,31,33.3,16.8,5.2,12.8,40.3,1.3,4.7,27.4,5.2,6.3,83.1,5.2,1.4,0.7,0.3,2.1,,,,,,
109,Tevin Brown,G,34,35.2,16.8,5.5,12.9,42.7,3.1,8.1,38.4,2.7,3.6,74.8,5.6,3.1,1.4,0.6,1.8,,,,,,
109,Johni Broome,F,34,28.3,16.8,7.2,12.9,55.5,0.0,0.1,0.0,2.5,3.9,63.6,10.5,1.2,0.7,3.9,2.4,,,,,,
111,Myles Carter,G,28,34.3,16.8,6.5,14.7,44.3,1.1,3.3,32.3,2.7,3.6,76.0,5.9,1.9,1.5,0.5,2.3,,,,,,
112,Justin Lewis,F,32,32.1,16.8,6.1,13.8,44.0,1.8,5.2,34.9,2.8,3.7,76.1,7.9,1.7,1.1,0.6,1.9,,,,,,
113,Alex Barcello,G,35,32.1,16.8,5.5,12.2,45.1,2.5,6.0,42.1,3.3,3.8,86.5,3.8,3.3,0.9,0.0,1.8,,,,,,
114,Marques Warrick,G,32,31.3,16.8,5.8,14.1,41.0,2.4,6.7,35.3,2.8,3.4,81.8,2.9,2.3,1.2,0.1,1.9,,,,,,
115,Evan Gilyard,G,31,30.0,16.7,5.5,12.5,44.2,2.3,5.5,41.3,3.4,4.2,80.9,1.5,3.3,1.1,0.1,2.2,,,,,,
115,Joe Bryant Jr,G,31,32.5,16.7,5.4,12.4,43.2,1.8,5.3,34.8,4.2,4.6,91.5,5.1,3.2,1.4,0.3,3.0,,,,,,
117,James Bishop,G,30,34.2,16.7,5.7,14.8,38.7,2.0,6.3,31.7,3.3,4.0,82.4,2.2,1.9,0.9,0.2,2.0,,,,,,
118,Joel Murray,G,33,32.1,16.7,5.8,13.0,44.9,0.8,2.1,37.1,4.2,4.9,85.3,3.0,2.8,1.5,0.1,2.5,,,,,,
119,Steele Venters,G,33,33.7,16.7,5.6,12.3,45.6,2.6,6.0,43.4,2.8,3.4,84.7,3.9,2.2,0.9,0.7,1.8,,,,,,
120,Shawn Williams,G,28,34.3,16.6,5.4,13.4,40.4,3.1,8.3,37.2,2.7,2.9,92.7,2.1,3.4,1.1,0.0,2.4,,,,,,
121,Noah Farrakhan,G,26,31.4,16.6,6.1,14.3,42.6,1.6,4.0,40.8,2.8,3.7,75.8,3.8,2.3,1.2,0.2,3.0,,,,,,
122,Mikey Dixon,G,31,29.4,16.6,5.0,11.7,42.8,1.5,3.9,40.0,5.1,5.8,87.2,3.2,1.9,0.5,0.0,2.1,,,,,,
123,Jaden Shackelford,G,33,34.1,16.6,5.4,14.0,38.5,3.1,8.7,35.1,2.8,3.5,77.8,5.4,1.5,0.9,0.2,2.0,,,,,,
124,Dylan Penn,G,33,34.4,16.6,7.0,14.1,49.6,0.5,1.9,24.2,2.1,2.9,72.2,4.2,5.0,1.1,0.6,2.9,,,,,,
125,Troy Green,G,30,33.8,16.6,5.5,11.9,46.5,0.4,1.8,21.8,5.1,6.1,83.6,6.1,2.4,2.0,0.2,2.1,,,,,,
126,Gavin Kensmil,F,32,31.3,16.6,6.2,10.1,61.1,0.0,0.2,20.0,4.2,6.8,61.3,6.8,1.8,1.0,0.5,3.6,,,,,,
127,Linton Acliese,F,31,29.7,16.5,6.2,11.8,52.6,1.4,3.9,35.2,2.6,3.1,86.3,7.2,1.3,0.5,0.3,1.5,,,,,,
128,Jaylen Forbes,G,29,36.3,16.5,5.1,11.9,43.2,2.6,6.7,38.7,3.6,4.7,77.8,5.4,1.4,1.3,0.1,2.1,,,,,,
129,B.J. Mack,F,32,27.7,16.5,6.2,11.6,53.8,1.2,2.7,44.8,2.8,3.4,81.8,6.2,2.2,0.6,0.5,2.4,,,,,,
130,Kenneth Lofton Jr,F,33,27.0,16.5,6.3,11.7,53.9,0.1,0.6,20.0,3.7,5.5,67.2,10.5,2.8,1.2,0.7,3.1,,,,,,
131,Douglas Wilson,F,34,25.0,16.4,6.1,10.7,56.9,0.1,0.2,33.3,4.1,6.1,68.4,5.5,1.6,0.9,0.6,2.1,,,,,,
132,Trenton Massner,G,32,36.0,16.4,6.3,14.5,43.2,1.9,5.4,34.9,2.0,2.8,71.1,6.2,4.0,1.8,0.6,2.2,,,,,,
133,Tyler Thomas,G,30,33.1,16.4,6.3,15.0,41.9,2.2,6.4,33.7,1.6,2.0,80.0,3.4,2.6,1.2,0.6,2.5,,,,,,
134,Jaylen Sims,G,36,34.5,16.4,4.9,12.7,38.3,1.7,4.8,35.7,4.9,6.0,82.0,5.8,2.4,1.2,0.2,1.8,,,,,,
135,Keshawn Williams,G,29,32.1,16.3,5.9,13.3,44.0,1.1,3.3,33.7,3.5,4.4,80.3,3.3,1.8,1.0,0.1,1.7,,,,,,
135,Anthony Roberts,G,29,29.6,16.3,5.8,14.1,40.9,1.6,5.1,31.5,3.2,3.9,82.3,4.2,2.6,0.7,0.3,2.7,,,,,,
137,Gaige Prim,F,34,29.5,16.3,6.0,10.6,56.5,0.2,0.6,36.8,4.1,5.2,78.7,8.0,1.7,0.9,1.2,2.4,,,,,,
138,Gibson Jimerson,G,35,33.8,16.3,5.5,12.5,44.5,2.5,5.9,42.0,2.7,3.3,82.6,2.3,0.8,0.5,0.0,1.0,,,,,,
139,Armando Bacot,F,39,31.6,16.3,6.3,11.0,56.9,0.0,0.2,12.5,3.7,5.6,67.0,13.1,1.5,0.8,1.7,2.0,,,,,,
140,Joe Bamisile,G,30,31.4,16.3,6.3,13.8,45.8,2.0,5.7,35.1,1.7,2.4,70.4,5.0,1.3,1.2,1.0,2.4,,,,,,
141,E.J. Anosike,F,32,32.7,16.3,5.9,11.4,51.6,0.3,0.9,26.7,4.3,5.5,77.7,8.3,1.8,0.8,0.3,1.9,,,,,,
141,Terquavion Smith,G,32,31.6,16.3,5.7,14.3,39.8,3.0,8.1,36.9,1.9,2.7,69.8,4.1,2.1,1.3,0.5,1.7,,,,,,
143,Ben Sheppard,G,33,31.4,16.2,5.8,11.7,49.6,2.2,5.9,37.1,2.5,3.5,71.9,3.9,1.6,1.2,0.2,1.3,,,,,,
144,Baylor Scheierman,G,35,33.3,16.2,5.5,10.9,50.8,2.4,5.1,46.9,2.8,3.5,80.2,7.8,4.5,1.3,0.1,1.9,,,,,,
145,Gerrale Gates,F,28,31.8,16.2,6.3,14.8,42.4,0.1,0.5,28.6,3.6,4.8,75.2,8.6,2.1,0.9,0.6,1.9,,,,,,
146,Ben Shungu,G,34,30.6,16.2,6.1,11.7,52.3,1.9,4.6,41.4,2.1,2.9,71.4,4.6,2.3,1.2,0.2,1.8,,,,,,
147,Darius Quisenberry,G,26,35.0,16.2,5.3,14.2,37.2,2.2,7.1,31.4,3.4,4.3,80.2,3.8,2.0,1.5,0.0,1.8,,,,,,
148,Dayvion McKnight,G,32,35.6,16.2,6.1,12.9,47.0,0.4,1.3,34.1,3.6,4.7,77.3,5.5,5.5,1.9,0.0,3.3,,,,,,
149,Colin Castleton,C,28,30.6,16.2,6.1,11.3,54.6,0.0,0.3,0.0,3.9,5.5,70.3,9.0,1.5,0.9,2.2,2.2,,,,,,
150,Desmond Cambridge Jr,G,30,32.6,16.2,5.9,13.6,43.5,2.9,7.8,37.0,1.4,2.0,71.2,5.1,1.8,1.7,1.1,1.9,,,,,,
151,Austin Williams,G,27,32.8,16.1,6.0,12.1,50.0,0.9,2.9,30.8,3.2,5.1,61.9,5.2,3.4,1.3,0.4,3.4,,,,,,
152,Foster Loyer,G,29,30.1,16.1,4.8,10.6,45.1,2.6,5.8,43.8,4.0,4.3,93.5,3.2,3.3,0.8,0.0,1.7,,,,,,
153,Jeriah Horne,F,31,33.9,16.1,5.5,12.4,44.4,2.1,5.1,41.5,3.0,3.6,83.8,6.9,1.5,1.3,0.7,2.0,,,,,,
154,Eric Reed Jr,G,30,32.2,16.1,5.2,12.3,41.9,2.4,6.6,35.7,3.4,4.1,81.5,3.3,1.7,1.0,0.1,1.7,,,,,,
155,Tyler Burton,F,37,33.0,16.1,5.1,11.1,45.7,1.5,4.2,36.5,4.4,5.6,79.1,7.7,1.0,1.1,0.5,1.6,,,,,,
156,Tosan Evbuomwan,F,28,30.0,16.0,6.6,12.1,54.1,0.1,0.6,11.8,2.8,5.0,56.4,6.7,5.1,1.4,0.3,2.5,,,,,,
157,Jalen Johnson,F,30,32.0,16.0,6.1,12.9,47.2,0.1,0.3,22.2,3.7,5.1,72.5,7.3,0.7,1.0,0.8,1.9,Yes,20.0,2021.0,,,
158,Aaron Clarke,G,25,33.1,16.0,5.1,12.2,42.1,1.6,5.3,30.8,4.1,4.7,87.2,1.7,4.1,0.5,0.0,2.4,,,,,,
159,Payton Willis,G,29,36.3,15.9,5.8,12.3,47.3,2.6,6.0,42.8,1.7,2.8,62.5,4.8,4.3,1.4,0.5,1.8,,,,,,
160,Caleb Love,G,39,34.2,15.9,5.1,13.7,37.1,2.4,6.6,36.0,3.4,3.9,86.3,3.4,3.6,0.9,0.2,2.7,,,,,,
161,Ron Harper Jr,F,32,34.3,15.8,5.3,12.1,44.2,2.1,5.3,39.8,3.0,3.8,79.5,5.9,1.9,1.0,0.6,1.6,,,,,,
162,Hyunjung Lee,G,34,32.1,15.8,5.4,11.3,47.4,2.4,6.2,38.1,2.8,3.6,77.7,6.0,1.9,0.7,0.3,1.5,,,,,,
163,Joe French,G,28,33.1,15.8,5.5,12.1,45.3,2.7,6.1,44.1,2.2,2.4,91.2,2.6,0.6,0.3,0.0,2.0,,,,,,
164,R.J. Cole,G,33,33.5,15.8,5.4,12.9,41.5,1.8,5.3,33.9,3.3,3.8,85.8,3.4,4.1,1.1,0.1,1.9,,,,,,
165,Bryson Mozone,F,32,33.2,15.8,5.6,12.5,44.6,2.2,5.8,38.6,2.4,2.8,85.6,5.7,1.3,0.8,0.3,1.7,,,,,,
166,Jovan Blacksher Jr,G,31,33.2,15.8,5.7,13.8,41.5,2.0,5.0,39.4,2.4,3.2,73.7,2.8,4.0,1.7,0.1,2.0,,,,,,
167,Kyle Foster,G,29,29.1,15.8,4.9,10.8,45.2,3.6,7.9,45.9,2.4,3.1,78.9,4.1,1.4,1.1,0.5,1.4,,,,,,
168,Nick Muszynski,C,32,26.3,15.8,6.2,11.1,55.9,0.2,1.2,18.9,3.2,4.2,76.7,5.2,2.5,0.6,1.6,1.7,,,,,,
169,Camren Wynter,G,29,34.8,15.8,6.1,14.1,43.4,1.2,4.3,27.8,2.3,2.7,86.1,5.3,4.6,0.8,0.0,2.4,,,,,,
170,Keve Aluma,F,36,30.8,15.8,6.1,11.4,53.8,0.7,2.1,33.3,2.8,3.6,78.5,6.5,1.9,0.8,0.9,1.8,,,,,,
171,Daeqwon Plowden,G,31,30.5,15.7,5.3,12.8,41.4,1.4,3.8,35.6,3.8,4.8,79.2,6.8,1.1,0.9,1.2,1.8,,,,,,
171,Drew Pember,F,31,26.9,15.7,5.1,10.2,49.5,1.2,3.3,35.6,4.5,5.2,86.3,6.6,1.4,0.8,3.0,1.8,,,,,,
173,Jaelin Llewellyn,G,28,32.5,15.7,6.0,13.4,44.7,2.3,5.9,38.6,1.4,2.0,69.6,4.1,2.5,0.7,0.1,1.8,,,,,,
174,Mike Bothwell,G,34,31.9,15.7,5.4,11.3,47.5,1.7,4.8,36.2,3.2,3.8,83.1,4.0,3.0,1.1,0.4,1.9,,,,,,
175,Amadou Sow,F,28,29.7,15.6,6.4,11.4,56.4,0.4,1.2,30.3,2.4,3.2,76.4,8.4,0.7,0.8,0.8,2.0,,,,,,
176,Josip Vrankic,F,25,30.1,15.6,6.1,10.9,56.0,0.5,1.4,33.3,2.9,3.7,79.3,5.7,3.1,1.2,0.4,2.4,,,,,,
177,Rocky Kreuser,F,33,28.7,15.6,5.1,11.0,46.6,1.8,4.6,39.1,3.6,4.6,78.3,7.8,1.1,0.5,0.8,2.0,,,,,,
178,Johnny Juzang,G,30,31.8,15.6,6.0,13.8,43.2,1.5,4.2,36.0,2.2,2.6,83.5,4.7,1.8,0.7,0.1,1.6,,,,,,
179,Collin Gillespie,G,38,34.2,15.6,4.9,11.4,43.4,3.0,7.2,41.5,2.8,3.1,90.5,3.8,3.2,1.0,0.0,1.7,,,,,,
180,Andre Jones,G,29,33.2,15.6,6.2,13.2,47.1,0.7,2.4,28.6,2.5,3.4,73.5,3.8,3.9,1.6,0.4,3.2,,,,,,
180,Miles Coleman,F,29,33.0,15.6,5.6,13.5,41.6,1.6,4.8,32.6,2.8,3.7,75.0,5.7,1.7,1.2,0.1,2.9,,,,,,
182,RJ Glasper,G,31,32.9,15.6,5.5,13.6,40.8,2.0,5.5,35.9,2.5,2.7,91.8,3.2,2.5,0.9,0.1,2.3,,,,,,
183,Kamdyn Curfman,G,32,35.4,15.6,5.3,12.5,42.6,3.6,9.3,39.2,1.3,1.6,80.0,3.1,2.4,0.8,0.0,1.2,,,,,,
184,Jared Rhoden,G,31,33.1,15.5,5.4,13.8,39.0,1.2,3.6,33.6,3.5,4.4,80.3,6.7,1.2,1.2,0.6,1.8,,,,,,
185,D'Shawn Schwartz,G,30,35.8,15.5,5.7,12.4,45.7,2.5,6.7,38.0,1.7,2.3,73.5,4.6,2.1,0.5,0.3,1.6,,,,,,
186,CJ Fleming,G,33,34.9,15.5,4.9,11.2,44.1,2.5,6.7,38.2,3.1,3.4,90.3,2.9,1.7,0.8,0.1,0.6,,,,,,
187,PJ Hall,C,30,27.6,15.5,6.0,12.1,49.3,0.8,2.6,30.8,2.7,3.5,78.1,5.8,1.6,0.5,1.3,1.8,,,,,,
187,Jalen Moore,G,30,38.2,15.5,4.5,13.0,34.4,1.3,5.5,23.0,5.3,6.7,78.6,4.3,7.6,2.0,0.1,4.5,,,,,,
189,Riley Miller,G,29,31.7,15.4,4.6,10.8,42.5,3.6,8.7,41.0,2.7,3.0,90.8,2.8,2.2,0.7,0.1,1.2,,,,,,
190,Kendal Coleman,F,30,28.7,15.4,6.8,12.4,54.6,0.0,0.0,0.0,1.9,3.3,58.2,10.1,0.7,1.0,1.3,1.9,,,,,,
191,Charles Manning Jr,G,31,30.8,15.4,5.6,13.1,42.7,0.8,3.4,24.5,3.4,4.5,76.8,3.8,3.6,1.3,1.0,3.5,,,,,,
191,D'Moi Hodge,G,31,28.6,15.4,5.6,11.6,48.2,2.0,5.8,33.7,2.3,3.0,75.5,3.1,1.4,2.2,0.8,1.4,,,,,,
193,Carl Pierre,G,33,33.7,15.4,5.5,11.6,46.9,2.9,7.3,40.4,1.5,2.0,78.5,4.7,1.7,0.7,0.2,1.1,,,,,,
194,Darian Adams,G,31,34.4,15.4,5.1,12.6,40.4,2.3,5.9,38.0,2.9,3.5,82.7,5.2,3.8,1.5,0.4,2.5,,,,,,
195,Mike Miles Jr,G,31,33.3,15.4,5.3,13.8,38.2,1.4,4.7,29.5,3.5,4.5,75.9,3.5,3.8,1.2,0.2,2.8,,,,,,
196,Jayden Gardner,F,35,32.7,15.3,6.3,12.5,50.1,0.1,0.4,21.4,2.7,3.5,79.3,6.4,1.4,0.5,0.4,1.5,,,,,,
197,Jordan Brown,C,27,28.8,15.3,6.0,11.6,51.6,0.4,1.0,44.4,2.9,4.7,61.9,8.6,1.1,0.8,1.1,2.3,,,,,,
198,Jalen Adaway,G,32,37.8,15.3,5.9,12.5,47.4,1.3,3.4,37.6,2.2,2.7,82.6,5.9,1.0,1.0,0.4,1.0,,,,,,
199,Isaiah Wong,G,37,33.9,15.3,5.6,12.4,45.2,1.3,4.3,30.2,2.8,3.8,74.8,4.3,2.0,0.9,0.3,1.4,,,,,,
200,Jay Jay Chandler,G,29,30.5,15.3,5.3,11.7,45.6,1.2,3.3,35.1,3.5,4.5,77.1,3.3,2.6,1.1,0.1,2.7,,,,,,
200,Vado Morse,G,29,32.5,15.3,5.0,13.6,36.5,2.5,7.3,34.3,2.8,3.4,83.7,2.3,2.4,1.1,0.1,1.7,,,,,,
202,Tyler Robertson,G,32,35.8,15.3,4.8,11.9,40.6,1.8,5.0,35.8,3.8,4.3,88.3,6.4,4.5,1.3,0.3,2.5,,,,,,
202,Jao Ituka,G,28,22.0,15.3,5.4,10.3,52.6,0.6,1.4,41.0,3.9,5.1,76.8,3.1,1.6,0.7,0.3,2.4,,,,,,
204,Jarred Godfrey,G,33,33.2,15.2,5.2,11.4,45.6,2.2,5.8,37.9,2.6,3.3,80.6,4.6,3.8,1.9,0.2,2.5,,,,,,
205,Ahsan Asadullah,C,25,28.6,15.2,6.4,12.6,50.6,0.4,1.1,32.1,2.2,3.4,63.5,9.0,4.6,0.7,1.0,3.0,,,,,,
206,Kario Oquendo,G,31,28.8,15.2,5.3,11.6,45.3,1.2,4.4,27.2,3.5,4.9,71.2,4.3,0.8,1.2,0.5,2.4,,,,,,
207,Toni Rocak,F,27,26.9,15.2,5.5,11.8,46.5,0.3,1.3,25.0,3.9,5.9,67.1,6.5,2.0,1.1,0.6,3.8,,,,,,
208,Najee Garvin,F,28,34.6,15.2,5.5,13.4,40.8,0.6,2.3,27.0,3.7,4.9,74.6,6.5,1.6,0.6,0.3,3.0,,,,,,
209,Vince Cole,G,33,30.7,15.2,5.3,12.6,42.4,2.6,6.6,39.0,2.0,2.5,80.2,3.3,1.1,1.3,0.4,1.7,,,,,,
210,Tevin Brewer,G,30,32.1,15.2,5.4,12.6,42.6,2.2,5.5,39.8,2.3,2.7,82.9,3.5,5.6,0.9,0.0,2.8,,,,,,
210,Chase Johnston,G,30,33.3,15.2,5.2,12.8,40.8,3.3,8.2,40.1,1.4,1.8,79.6,2.6,1.4,1.4,0.1,1.6,,,,,,
212,Jawaun Daniels,G,25,34.4,15.2,5.4,12.3,44.0,1.6,4.2,36.8,2.8,4.0,70.7,6.7,2.3,0.8,0.3,3.1,,,,,,
213,KJ Hunt,G,30,30.0,15.1,5.6,12.9,43.0,0.9,2.8,31.8,3.1,3.9,78.8,4.4,3.5,1.1,0.4,3.0,,,,,,
214,Elijah Pepper,G,24,34.0,15.1,5.3,13.5,38.8,2.3,6.3,36.8,2.3,2.8,83.3,5.4,1.7,1.6,0.3,2.0,,,,,,
215,Brady Manek,F,39,30.4,15.1,5.6,11.4,49.3,2.5,6.2,40.3,1.4,1.9,69.7,6.1,1.8,0.6,0.7,1.5,,,,,,
216,Jordan Minor,F,30,30.3,15.1,6.1,11.5,52.6,0.0,0.4,9.1,2.9,4.8,61.5,8.2,1.2,1.5,2.4,2.0,,,,,,
217,Marcus Domask,F,31,35.7,15.1,5.2,11.9,43.6,1.4,3.9,35.2,3.3,4.0,82.4,5.2,3.9,0.8,0.5,2.2,,,,,,
218,Fatts Russell,G,32,32.5,15.1,5.0,12.2,41.0,1.4,4.1,34.8,3.7,4.7,78.5,4.1,3.7,1.3,0.2,2.5,,,,,,
218,Jacob Germany,F,32,27.4,15.1,6.1,12.5,48.6,0.0,0.3,9.1,2.9,4.1,70.8,7.3,0.6,0.6,0.8,2.0,,,,,,
218,Josh Bannan,F,32,30.6,15.1,5.3,10.7,49.6,0.8,2.2,35.2,3.7,4.7,79.2,8.2,1.6,0.7,0.6,1.6,,,,,,
221,Sukhmail Mathon,F,35,30.1,15.1,5.2,9.9,53.0,0.0,0.1,20.0,4.6,5.9,78.5,10.2,1.5,0.6,0.7,1.7,,,,,,
222,Kruz Perrott-Hunt,G,31,32.0,15.0,5.0,11.8,42.1,1.8,4.6,39.2,3.3,3.9,84.3,4.1,2.3,0.4,0.1,1.5,,,,,,
223,DJ Burns Jr,F,32,20.9,15.0,6.7,10.7,62.6,0.0,0.1,0.0,1.7,2.6,64.6,4.5,1.1,0.5,0.4,2.0,,,,,,
224,Setric Millner Jr,F,34,32.8,15.0,5.6,11.6,48.7,1.4,3.9,37.4,2.3,2.9,78.0,5.8,1.9,0.6,0.5,1.5,,,,,,
225,Noah Carter,F,32,26.6,15.0,5.3,11.0,48.2,1.3,4.2,29.9,3.1,3.9,79.4,4.1,1.8,0.6,0.4,1.4,,,,,,
225,Ezra Manjon,G,24,33.5,15.0,6.1,14.3,43.0,0.3,1.7,20.0,2.4,3.4,71.6,3.6,3.4,1.0,0.3,2.6,,,,,,
225,JT Shumate,F,34,31.8,15.0,5.4,9.8,55.4,2.0,4.1,48.2,2.1,2.6,82.0,6.1,1.8,0.6,1.3,1.0,,,,,,
228,Hunter Schofield,F,31,27.4,15.0,5.8,12.3,47.2,0.9,2.7,31.8,2.5,3.6,69.4,6.3,1.1,0.5,0.5,1.9,,,,,,
229,Cooper Neese,G,26,35.6,15.0,5.1,12.7,39.9,2.3,7.6,30.5,2.5,3.1,81.3,4.3,1.8,1.0,0.0,2.6,,,,,,
230,Dwayne Cohill,G,34,29.7,14.9,5.0,11.1,45.5,1.0,2.4,41.0,3.9,4.6,83.5,4.2,2.6,1.0,0.5,2.4,,,,,,
231,Jayden Martinez,F,28,34.8,14.9,5.6,12.1,46.6,2.0,4.8,41.8,1.6,2.5,66.7,5.5,1.5,0.5,0.4,0.8,,,,,,
231,Noah Fernandes,G,28,33.6,14.9,5.2,11.9,43.5,1.6,4.5,36.0,3.0,3.8,79.0,2.8,5.3,1.4,0.0,2.6,,,,,,
233,George Papas,G,34,35.1,14.9,4.4,11.5,37.8,3.0,8.6,35.3,3.2,3.7,86.4,5.4,3.0,1.4,0.5,1.7,,,,,,
234,Max Klesmit,G,31,30.9,14.9,5.0,11.3,44.6,2.2,6.5,34.0,2.6,3.2,83.7,2.8,1.9,1.6,0.1,2.1,,,,,,
234,Montre' Gipson,G,31,35.5,14.9,5.4,12.6,42.9,1.3,4.1,31.0,2.8,3.5,79.1,4.7,3.2,1.4,0.1,1.9,,,,,,
236,Ronaldo Segu,G,30,32.3,14.9,5.5,12.7,43.2,1.6,4.2,37.3,2.4,3.0,80.9,3.0,5.1,0.9,0.3,2.3,,,,,,
237,Deuce Dean,G,28,35.1,14.9,4.4,12.7,34.3,1.2,4.5,27.2,5.0,6.9,72.4,4.2,3.9,1.1,0.4,3.5,,,,,,
238,Damian Dunn,G,27,30.4,14.9,4.6,11.7,39.4,1.1,3.8,30.1,4.5,5.4,83.4,4.2,2.0,0.9,0.2,2.8,,,,,,
238,Tyson Etienne,G,27,34.3,14.9,4.9,13.7,35.9,2.7,8.3,32.6,2.3,3.0,76.8,2.9,2.0,1.1,0.0,2.0,,,,,,
240,Paul Bruns,G,31,31.2,14.8,4.8,12.1,40.0,2.3,6.3,36.9,2.8,3.5,82.2,5.7,1.1,1.0,0.2,0.9,,,,,,
241,Abu Kigab,F,35,31.5,14.8,5.1,10.2,50.0,0.9,2.9,30.1,3.8,5.6,67.7,5.7,2.4,1.3,0.4,2.1,,,,,,
242,Keondre Kennedy,G,31,32.6,14.8,5.7,11.5,49.6,2.0,4.7,41.5,1.4,1.8,77.2,5.1,2.2,0.9,0.4,2.2,,,,,,
243,Chuba Ohams,F,30,31.4,14.8,5.6,11.4,49.6,0.1,0.3,33.3,3.4,5.5,62.8,11.6,1.8,0.7,1.6,3.2,,,,,,
244,Holland Woods,G,29,32.0,14.8,4.8,11.4,41.8,2.0,5.2,38.4,3.3,4.1,79.2,2.5,3.0,1.0,0.1,1.7,,,,,,
245,Jordan Usher,G,32,31.7,14.8,5.7,11.8,47.8,1.3,3.8,34.2,2.2,3.0,72.2,6.5,2.9,1.5,0.2,2.7,,,,,,
246,Justin Moore,G,36,34.6,14.8,5.0,12.7,39.7,2.2,6.3,35.6,2.5,3.3,75.0,4.8,2.3,1.0,0.4,1.4,,,,,,
247,Quenton Jackson,G,40,26.4,14.8,4.7,9.7,49.0,1.1,3.2,34.6,4.2,5.1,82.8,3.5,2.0,1.8,0.6,2.4,,,,,,
248,Adama Sanogo,C,29,29.2,14.8,6.2,12.2,50.4,0.0,0.0,0.0,2.4,3.5,68.6,8.8,1.0,0.9,1.9,2.3,,,,,,
249,Felipe Haase,F,33,34.3,14.8,4.8,10.1,48.2,2.2,5.3,40.6,2.9,3.4,86.5,5.6,3.0,1.2,0.5,1.7,,,,,,
250,John Hugley,F,32,29.6,14.8,4.8,10.2,47.1,0.2,1.3,16.7,4.9,6.9,71.0,7.9,1.3,0.7,0.5,2.9,,,,,,
251,Camron Justice,G,30,32.6,14.7,4.9,11.4,42.6,2.5,6.7,37.8,2.5,3.1,79.6,3.4,3.2,1.6,0.1,2.4,,,,,,
251,Nicholas Robinson,G,30,33.2,14.7,5.0,12.7,39.0,1.9,6.0,31.3,2.9,3.8,77.2,7.3,3.0,1.1,0.3,2.5,,,,,,
251,Ethan Wright,G,30,32.1,14.7,5.6,11.2,50.0,2.3,5.9,39.5,1.2,1.7,70.6,6.9,1.7,1.1,0.3,1.6,,,,,,
254,Corey Allen,G,26,30.4,14.7,5.1,13.8,36.7,2.7,7.4,35.8,1.9,2.5,75.8,3.5,3.2,1.5,0.2,1.8,,,,,,
255,Rudi Williams,G,33,30.3,14.7,5.3,10.5,50.9,1.5,3.5,44.7,2.5,3.4,73.5,4.2,3.2,1.5,0.1,2.3,,,,,,
256,Lance Jones,G,29,30.2,14.7,5.4,12.1,44.4,2.1,6.2,33.9,1.9,3.3,56.8,3.7,1.9,1.9,0.1,2.8,,,,,,
257,Isaiah Stevens,G,31,34.7,14.7,5.3,11.5,46.1,1.4,3.7,37.7,2.7,3.0,90.2,3.2,4.7,1.2,0.1,1.7,,,,,,
258,Jamal Bieniemy,G,30,34.7,14.7,5.4,13.5,40.2,2.3,6.3,36.2,1.6,1.8,85.5,3.5,4.0,1.6,0.5,2.3,,,,,,
259,Josh Jefferson,G,29,28.0,14.7,4.7,10.6,44.6,2.4,6.6,37.0,2.8,3.2,87.1,3.2,1.9,1.2,0.2,1.3,,,,,,
260,Eric Ayala,G,31,33.4,14.7,4.9,12.9,38.3,2.4,7.0,33.9,2.4,3.5,68.8,4.6,2.1,0.8,0.1,1.9,,,,,,
260,Cameron Tyson,G,31,29.1,14.7,5.0,12.7,39.2,3.4,9.0,37.6,1.3,1.5,85.1,5.2,0.9,0.5,0.1,1.3,,,,,,
262,Neal Quinn,C,30,29.7,14.7,5.8,10.6,54.5,0.1,0.2,40.0,3.0,4.2,70.9,7.4,4.0,0.9,1.4,2.2,,,,,,
263,Nelly Cummings,G,32,32.3,14.7,4.8,12.5,38.4,1.9,5.4,36.0,3.1,3.8,81.8,3.0,3.4,1.1,0.0,2.3,,,,,,
263,Kahliel Spear,F,32,32.9,14.7,5.9,10.7,55.1,0.3,0.9,26.7,2.7,3.7,72.6,7.7,1.6,0.9,1.1,2.2,,,,,,
265,Walker Miller,F,34,30.9,14.6,5.4,11.6,46.2,0.6,2.1,30.6,3.2,4.5,71.9,5.8,1.3,0.8,0.9,1.9,,,,,,
266,Sam Griffin,G,31,30.3,14.6,5.2,13.5,38.8,2.2,6.5,33.3,2.0,2.4,85.1,1.7,1.9,1.1,0.0,1.8,,,,,,
267,Tevian Jones,G,28,29.3,14.6,4.8,12.2,39.2,2.0,6.3,31.1,3.1,3.8,81.3,4.7,0.8,0.7,0.1,2.0,,,,,,
268,Jabari Walker,F,33,28.1,14.6,4.8,10.5,46.1,1.1,3.2,34.6,3.8,4.9,78.4,9.4,1.2,0.7,0.7,2.3,,,,,,
269,Matt Balanc,G,30,29.9,14.6,5.0,11.7,42.9,2.0,5.5,37.0,2.5,3.1,82.6,4.2,0.5,0.9,0.2,0.9,,,,,,
270,Jordan Shepherd,G,32,32.8,14.6,5.0,12.9,38.6,1.1,3.8,29.2,3.5,4.5,79.0,2.9,2.3,1.2,0.4,2.1,,,,,,
270,Ledarrius Brewer,G,32,31.1,14.6,5.4,13.1,41.3,1.9,5.6,33.7,1.9,2.7,72.1,5.3,2.1,1.2,0.3,2.6,,,,,,
272,Tyson Jolly,G,33,33.8,14.6,5.2,11.8,43.6,1.5,4.0,37.4,2.8,4.0,69.9,4.8,2.3,0.7,0.8,2.0,,,,,,
272,Alfonso Plummer,G,33,30.2,14.6,4.7,11.0,42.4,3.0,7.3,40.8,2.3,2.6,87.4,2.5,1.1,0.3,0.0,1.3,,,,,,
272,Jake LaRavia,F,33,34.2,14.6,5.0,9.0,55.9,0.8,2.2,38.4,3.7,4.8,77.7,6.6,3.7,1.7,1.0,2.7,,,,,,
275,Brendan Barry,G,25,35.7,14.6,4.7,11.9,39.6,3.4,8.3,41.1,1.8,2.0,86.3,2.9,1.9,1.6,0.3,1.2,,,,,,
276,Gus Okafor,F,33,30.8,14.6,4.8,11.3,42.0,1.8,5.6,32.6,3.2,4.1,79.3,6.4,1.8,1.3,0.5,1.8,,,,,,
277,Tyler Stevenson,F,28,32.0,14.6,6.0,12.1,49.4,0.1,0.3,25.0,2.5,3.7,67.3,7.5,0.6,0.6,1.1,1.8,,,,,,
278,Pete Nance,F,30,27.2,14.6,5.5,11.1,49.7,1.4,3.1,45.2,2.1,2.7,76.8,6.5,2.7,0.3,1.1,1.5,,,,,,
279,Jordan King,G,32,32.7,14.6,5.1,11.3,45.0,3.0,7.1,42.9,1.3,1.8,76.8,3.3,2.3,0.8,0.1,2.0,,,,,,
280,Trey Calvin,G,34,34.3,14.6,5.5,12.3,44.6,1.8,4.6,38.2,1.9,2.2,85.1,3.3,3.4,1.6,0.2,2.1,,,,,,
281,Anders Nelson,G,29,28.4,14.6,5.4,12.7,42.7,1.3,4.6,28.4,2.4,3.0,79.5,3.4,2.8,0.8,0.1,1.7,,,,,,
282,D'Maurian Williams,G,31,31.7,14.5,4.8,11.7,41.0,2.5,6.5,39.3,2.4,3.0,80.4,4.6,2.5,0.9,0.2,1.8,,,,,,
283,David DeJulius,G,33,28.6,14.5,5.2,12.7,40.9,1.5,5.0,29.7,2.7,3.3,82.4,2.8,2.6,0.7,0.0,1.6,,,,,,
284,Jalen Slawson,F,34,30.9,14.5,5.2,10.8,48.6,1.2,3.9,30.6,2.9,3.6,79.5,7.4,3.7,1.7,1.7,2.5,,,,,,
285,Mason Archambault,G,31,33.4,14.5,4.2,9.4,44.7,1.8,4.6,39.4,4.3,4.6,92.4,3.4,2.3,1.2,0.5,1.3,,,,,,
285,Terry Roberts,G,31,28.8,14.5,5.6,12.3,45.4,1.3,3.7,34.5,2.0,2.9,70.0,4.9,4.1,1.6,0.5,3.1,,,,,,
287,Atin Wright,G,29,33.9,14.5,4.7,13.0,36.1,1.8,6.0,30.5,3.3,3.9,83.3,2.2,1.6,1.1,0.0,1.8,,,,,,
288,David Jones,F,28,29.9,14.5,5.6,12.7,44.5,1.3,4.2,29.7,1.9,2.8,69.2,7.4,2.4,1.7,1.0,2.4,,,,,,
289,Alonzo Verge Jr,G,31,28.4,14.5,5.4,11.8,45.6,0.5,1.7,31.5,3.1,4.1,77.0,4.5,5.5,1.6,0.2,3.4,,,,,,
290,Nicolas Timberlake,G,34,33.2,14.4,4.9,11.1,43.8,2.3,5.6,40.6,2.4,3.0,80.2,4.4,1.9,0.8,0.2,1.8,,,,,,
291,Colin Slater,G,33,32.2,14.4,4.8,11.5,41.8,2.1,5.4,39.5,2.7,3.1,85.4,2.8,2.8,0.8,0.1,1.6,,,,,,
292,Zach Edey,C,37,19.0,14.4,5.7,8.8,64.8,0.0,0.0,0.0,3.1,4.7,64.9,7.7,1.2,0.2,1.2,1.7,,,,,,
293,Blake Wesley,G,35,29.3,14.4,5.1,12.6,40.4,1.5,5.1,30.3,2.7,4.1,65.7,3.7,2.4,1.3,0.1,2.2,,,,,,
293,Daniel Ortiz,G,30,25.8,14.4,5.2,13.2,39.3,2.0,5.9,34.3,2.0,2.5,78.7,3.1,1.3,1.1,0.2,1.4,,,,,,
295,Trevante Anderson,G,31,31.5,14.4,4.6,11.1,41.9,1.2,3.8,31.6,3.9,5.4,72.5,5.0,3.7,0.5,0.1,3.5,,,,,,
296,Zack Austin,F,32,34.7,14.4,5.2,12.5,41.4,2.1,6.5,32.2,2.0,2.7,72.4,8.0,1.5,1.3,2.2,1.7,,,,,,
297,Luka Brajkovic,F,34,29.5,14.4,5.8,9.9,58.3,1.1,2.6,40.9,1.7,2.7,63.7,7.1,2.5,0.3,1.1,1.6,,,,,,
297,Chris Austin,G,34,31.9,14.4,5.0,11.6,42.9,1.3,4.1,31.9,3.1,4.0,76.6,4.3,1.9,0.4,0.3,2.0,,,,,,
299,David Jean-Baptiste,G,33,33.2,14.3,5.0,12.1,41.1,2.7,7.3,36.8,1.7,2.0,86.2,2.5,2.2,1.2,0.1,1.5,,,,,,
299,Zyon Pullin,G,27,34.7,14.3,4.8,10.1,47.3,0.5,1.7,31.1,4.3,5.6,76.7,5.6,4.3,0.8,0.0,2.3,,,,,,
301,DeAndre Gholston,G,31,32.6,14.3,5.0,13.8,36.1,1.8,5.6,32.0,2.6,3.3,78.4,4.4,2.1,0.8,0.2,2.1,,,,,,
302,Cameron Henry,G,28,30.0,14.3,5.4,11.4,47.3,1.1,3.3,33.3,2.4,3.4,71.6,5.5,2.9,1.1,0.5,3.3,,,,,,
303,John Knight,G,35,32.5,14.3,5.3,9.9,53.4,0.2,0.7,30.4,3.5,5.4,64.2,4.3,4.1,1.9,0.5,3.3,,,,,,
304,Sam Griesel,G,26,33.4,14.3,4.8,9.9,48.2,0.8,2.2,37.9,3.9,5.2,75.6,6.6,3.4,0.8,0.4,2.0,,,,,,
305,Tamenang Choh,F,26,29.3,14.3,4.3,10.3,41.9,0.7,2.7,25.7,5.0,6.5,75.9,8.2,3.1,0.7,0.3,2.8,,,,,,
306,Lance Terry,G,31,31.4,14.3,5.1,11.1,45.9,1.8,5.3,35.0,2.2,2.7,81.2,3.4,1.2,1.0,0.4,1.4,,,,,,
306,Will Carius,F,31,34.5,14.3,4.5,11.9,37.8,2.6,7.5,35.0,2.6,3.5,75.2,3.1,1.0,0.6,0.3,1.2,,,,,,
308,Ben Vander Plas,F,35,35.3,14.3,4.7,10.4,45.7,1.9,5.7,33.8,2.9,3.9,72.5,6.8,3.1,1.8,0.5,1.8,,,,,,
309,C.J. Keyser,G,32,33.1,14.3,5.7,13.7,41.4,1.3,3.9,32.8,1.7,2.0,81.5,2.7,1.7,0.6,0.3,2.3,,,,,,
310,A.J. Walker,G,28,32.9,14.2,5.2,11.5,45.3,1.7,4.8,35.8,2.1,2.8,74.4,2.4,1.5,0.8,0.0,1.6,,,,,,
311,Justin Hill,G,31,30.9,14.2,4.8,11.4,41.9,1.1,3.2,34.3,3.5,4.5,79.7,4.8,4.1,1.5,0.1,2.6,,,,,,
312,Moses Wood,F,33,32.1,14.2,4.5,9.4,47.6,2.1,4.7,44.2,3.1,3.8,82.4,6.0,1.9,0.8,0.6,2.4,,,,,,
312,Andrew Taylor,G,33,35.2,14.2,5.6,13.4,42.0,2.0,6.0,32.8,1.0,1.4,73.3,5.1,4.4,1.8,0.2,3.0,,,,,,
314,Ben Krikke,F,29,29.3,14.2,5.7,10.6,53.9,0.1,0.9,14.8,2.6,3.1,84.3,4.5,1.6,0.8,0.8,1.5,,,,,,
315,Michael Flowers,G,37,32.5,14.2,4.5,11.4,40.0,2.7,7.3,36.9,2.4,2.8,85.4,3.2,3.4,1.1,0.1,1.8,,,,,,
316,Brandon Rush,G,25,27.6,14.2,5.0,12.6,39.4,1.6,5.4,29.6,2.6,3.2,83.5,3.0,1.8,0.8,0.1,2.1,Yes,13.0,2008.0,,,
317,Isaiah Mobley,F,32,34.1,14.2,5.0,11.3,44.5,1.3,3.8,35.2,2.8,4.0,68.2,8.3,3.3,0.8,0.9,1.9,,,,,,
317,Brandon Betson,G,32,34.3,14.2,5.0,13.0,38.3,2.5,6.7,37.1,1.8,2.1,83.6,2.4,2.9,0.8,0.1,3.1,,,,,,
319,John Meeks,F,27,28.0,14.1,5.1,10.9,46.8,1.4,3.9,36.8,2.6,3.2,79.3,4.7,2.4,1.0,0.1,2.9,,,,,,
320,Will Richardson,G,30,32.3,14.1,4.9,10.9,45.4,1.9,4.9,38.8,2.4,3.1,77.2,3.7,3.6,1.3,0.0,2.1,,,,,,
320,Jordan Hall,G,30,35.0,14.1,5.2,13.3,39.3,2.3,6.3,36.2,1.4,1.9,73.7,6.7,5.8,1.2,0.2,3.5,,,,,,
322,Shavar Reynolds,G,31,30.1,14.1,4.5,11.5,39.6,1.5,4.2,35.1,3.5,4.1,85.9,3.1,2.7,0.6,0.2,2.0,,,,,,
323,Chet Holmgren,C,32,26.9,14.1,5.3,8.8,60.7,1.3,3.3,39.0,2.2,3.1,71.7,9.9,1.9,0.8,3.7,1.9,,,,,,
324,Bryson Williams,F,37,25.6,14.1,5.5,10.3,53.5,1.1,2.6,41.7,2.0,2.6,75.5,4.2,1.1,0.5,0.4,1.3,,,,,,
325,Colby Rogers,G,28,32.6,14.1,5.0,11.7,42.4,2.6,6.1,42.9,1.6,1.9,83.0,2.2,1.3,0.7,0.4,1.6,,,,,,
326,Moses Flowers,G,29,31.3,14.1,4.9,10.2,48.3,1.5,4.2,36.1,2.7,4.1,66.9,6.3,1.8,1.5,0.2,2.0,,,,,,
327,Christian Braun,G,40,34.4,14.1,5.2,10.5,49.5,1.3,3.3,38.6,2.5,3.4,73.3,6.5,2.8,1.0,0.8,2.0,,,,,,
327,Camren Hunter,G,30,32.5,14.1,5.2,11.6,44.7,0.8,3.3,25.0,2.9,3.6,81.5,4.9,3.4,1.5,0.5,2.9,,,,,,
329,Vince Williams Jr,F,30,32.5,14.1,4.6,9.6,47.7,2.2,5.6,38.7,2.8,3.4,81.4,6.0,3.0,1.6,1.1,2.9,,,,,,
330,Boo Buie,G,31,29.5,14.1,4.8,12.0,39.7,2.0,5.9,34.1,2.5,3.2,79.6,2.5,4.3,0.8,0.1,1.9,,,,,,
331,LJ Thorpe,F,32,24.2,14.1,5.2,10.6,49.4,0.4,1.1,40.0,3.2,4.3,73.9,3.8,3.7,0.9,0.2,3.2,,,,,,
332,Brad Davison,G,33,34.5,14.1,4.2,11.0,38.4,2.4,6.8,34.7,3.3,3.8,86.4,4.0,2.1,0.8,0.0,0.9,,,,,,
333,Caleb Hunter,G,25,34.7,14.0,4.9,14.9,32.7,2.6,8.6,30.1,1.7,2.7,62.7,2.9,2.0,1.4,0.1,2.1,,,,,,
334,Cedric Henderson Jr,G,29,33.8,14.0,5.6,11.3,49.8,1.3,3.4,38.0,1.5,2.3,65.2,5.6,1.6,1.0,0.5,1.7,,,,,,
335,Luka Barisic,F,32,27.6,14.0,4.9,12.2,40.4,1.8,5.6,32.4,2.4,3.0,79.4,5.9,1.3,0.3,0.3,1.5,,,,,,
336,Tykei Greene,G,31,31.0,14.0,5.1,9.9,52.0,1.3,3.0,42.6,2.5,3.8,64.4,8.1,1.1,1.4,0.4,1.5,,,,,,
336,Garrett Hicks,G,28,35.6,14.0,4.9,13.4,36.2,2.3,6.5,35.7,2.0,2.6,75.3,3.9,1.0,2.0,0.1,1.9,,,,,,
338,Tucker DeVries,G,36,29.8,13.9,4.8,11.6,41.6,2.1,6.1,33.9,2.2,2.8,77.5,4.6,2.1,1.0,0.8,1.4,,,,,,
339,Ali Ali,G,34,34.2,13.9,4.9,10.6,46.0,1.4,3.5,40.7,2.8,3.9,72.2,2.9,2.6,0.5,0.3,2.7,,,,,,
340,Kevion Nolan,G,25,32.4,13.9,4.4,12.0,36.9,2.7,7.3,36.6,2.4,2.6,90.8,3.8,4.0,1.4,0.3,1.4,,,,,,
341,Kennedy Chandler,G,34,30.8,13.9,5.4,11.5,46.4,1.4,3.8,38.3,1.8,2.9,60.6,3.2,4.7,2.2,0.2,2.5,,,,,,
341,Jaime Jaquez Jr,G,34,30.5,13.9,5.1,10.9,47.2,0.6,2.2,27.6,3.0,3.9,76.1,5.7,2.3,1.1,0.3,1.4,,,,,,
343,Cole Swider,F,33,34.5,13.9,4.8,11.0,44.0,2.5,6.0,41.1,1.8,2.0,86.6,6.8,1.4,1.0,0.4,1.4,,,,,,
343,Alijah Martin,G,33,29.2,13.9,4.8,10.4,45.8,2.5,6.4,40.0,1.8,2.5,75.3,5.3,1.4,1.6,0.4,1.7,,,,,,
345,Chris Youngblood,G,30,30.8,13.9,5.0,10.6,47.6,2.3,5.8,40.5,1.5,1.9,78.9,5.2,1.0,0.9,0.5,1.4,,,,,,
346,Kevin Cross,F,28,28.0,13.9,5.2,10.0,52.0,0.3,1.1,28.1,3.2,4.1,78.9,6.8,3.6,0.9,0.9,2.4,,,,,,
347,Brandon Horvath,F,34,30.9,13.9,5.4,10.4,51.7,1.1,3.4,31.6,2.1,3.5,59.2,6.6,2.6,0.6,0.5,2.4,,,,,,
348,Azuolas Tubelis,F,36,24.6,13.9,5.4,10.1,54.0,0.3,1.1,26.3,2.7,4.0,66.9,6.2,2.3,1.1,0.7,2.1,,,,,,
349,Xavier Bishop,G,35,33.9,13.9,4.6,11.2,41.4,1.6,4.5,34.8,3.0,3.9,77.4,3.2,4.2,0.9,0.0,2.3,,,,,,
350,Jahvon Quinerly,G,33,30.0,13.8,5.0,12.2,41.1,1.5,5.4,28.1,2.3,3.2,74.0,3.0,4.2,0.6,0.2,3.0,,,,,,
350,Jalyn Hinton,F,33,32.0,13.8,5.1,7.9,64.0,0.0,0.1,0.0,3.7,4.9,76.4,8.0,2.5,1.2,2.5,1.9,,,,,,
352,Collin Welp,F,25,27.8,13.8,5.1,12.1,42.4,0.5,2.3,22.4,3.1,3.6,86.5,6.6,1.7,0.7,0.3,1.6,,,,,,
353,Steve Settle,F,29,30.4,13.8,4.9,9.9,49.0,1.0,2.9,35.3,3.1,4.0,76.7,5.1,1.6,1.4,0.8,2.0,,,,,,
354,Jordan Gainey,G,32,31.5,13.8,4.6,9.7,47.1,2.3,4.7,49.3,2.4,2.9,81.7,3.8,2.2,1.2,0.5,2.0,,,,,,
355,Kyler Edwards,G,37,34.1,13.8,4.4,12.0,36.9,2.6,7.9,33.3,2.3,3.3,69.7,5.9,3.2,1.0,0.4,1.6,,,,,,
356,Joseph Girard,G,33,34.1,13.8,4.3,11.0,39.2,2.7,6.7,40.3,2.5,2.8,88.2,2.8,4.2,1.6,0.0,2.8,,,,,,
357,Adam Flagler,G,31,30.7,13.8,5.0,11.5,43.8,2.4,6.3,38.7,1.3,1.7,74.1,2.2,3.0,1.1,0.1,1.7,,,,,,
358,Ryan Hawkins,F,35,34.9,13.8,5.0,11.4,43.7,2.2,6.2,35.8,1.6,2.0,80.0,7.8,1.5,0.9,0.4,1.9,,,,,,
359,Posh Alexander,G,29,31.9,13.8,5.3,10.6,49.8,0.4,2.1,21.7,2.8,3.7,74.1,4.4,5.5,2.3,0.2,2.4,,,,,,
359,Tahj Small,G,29,33.4,13.8,5.0,11.9,42.3,1.3,4.3,29.8,2.4,3.1,78.7,5.6,1.3,0.9,0.4,2.3,,,,,,
361,Aminu Mohammed,G,31,32.2,13.7,4.6,12.2,37.9,0.6,1.9,31.0,3.9,5.5,72.2,8.2,1.8,1.6,0.6,2.2,,,,,,
362,Jimmy Boeheim,F,33,34.7,13.7,5.3,11.5,46.6,1.1,2.9,37.9,2.0,3.1,64.4,6.2,1.6,0.9,0.1,1.3,,,,,,
362,Darius Days,F,33,29.8,13.7,5.0,11.5,43.4,2.1,6.0,35.0,1.7,2.4,70.0,7.8,0.9,1.5,0.3,1.3,,,,,,
364,Michael Akuchie,F,34,31.1,13.7,4.9,10.6,45.7,0.8,2.7,29.3,3.2,3.9,82.6,7.8,1.5,0.6,0.7,1.9,,,,,,
364,Khalil Shabazz,G,34,30.0,13.7,4.6,12.1,38.3,2.3,6.7,34.5,2.1,2.5,84.5,3.2,2.1,1.7,0.0,1.6,,,,,,
366,Grant Golden,F,37,27.6,13.7,5.6,11.0,50.6,0.6,2.2,28.0,1.9,2.8,70.6,6.0,2.9,0.4,0.5,2.0,,,,,,
367,Shamar Givance,G,30,31.8,13.7,4.8,11.8,41.0,1.1,3.6,30.8,2.9,4.4,66.7,4.1,3.9,1.5,0.0,2.7,,,,,,
368,Lucas Williamson,G,33,32.0,13.7,4.4,9.9,44.2,2.2,5.7,39.0,2.8,3.8,72.8,5.0,3.1,1.4,0.3,2.0,,,,,,
369,Justin Wright,G,28,26.5,13.7,4.8,9.6,49.6,0.9,2.1,40.7,3.3,4.5,73.8,4.3,2.0,1.4,0.0,2.1,,,,,,
370,Tyrone Lyons,G,31,28.6,13.7,4.5,9.0,50.7,1.1,2.7,42.2,3.5,4.7,73.8,5.0,0.8,1.6,0.8,1.9,,,,,,
371,Torrey Patton,G,30,29.7,13.7,5.0,11.1,45.2,0.8,2.8,28.9,2.9,4.3,67.2,6.2,3.4,1.5,0.2,3.3,,,,,,
372,Jericole Hellems,F,32,34.4,13.7,4.3,11.2,38.9,2.3,5.8,39.0,2.7,3.2,84.3,4.6,1.3,1.1,0.5,1.8,,,,,,
372,Malaki Branham,G,32,29.6,13.7,5.0,10.0,49.8,1.2,2.8,41.6,2.5,3.0,83.3,3.6,2.0,0.7,0.3,1.7,,,,,,
374,Jaylin Andrews,G,29,35.6,13.7,4.9,12.1,40.3,1.5,5.1,29.7,2.4,3.4,71.4,4.1,1.4,1.6,0.3,1.4,,,,,,
375,Jason Carter,F,34,28.7,13.6,5.6,11.9,46.9,0.7,2.8,24.2,1.8,3.0,60.4,6.7,1.1,1.2,1.1,1.2,,,,,,
376,Dhieu Deing,G,25,27.2,13.6,4.7,13.6,34.5,2.3,7.8,29.9,2.0,2.6,75.4,5.3,1.5,1.3,0.2,1.9,,,,,,
377,Branden Carlson,C,24,26.0,13.6,5.3,10.5,51.0,0.7,2.3,30.9,2.3,2.8,81.8,6.0,1.1,0.3,1.6,1.5,,,,,,
377,Houston Mallette,G,32,31.7,13.6,4.9,11.1,44.1,2.2,5.8,38.2,1.6,2.1,77.3,3.3,1.9,0.7,0.2,1.3,,,,,,
379,Caleb Asberry,G,29,29.1,13.6,4.3,10.0,43.3,2.2,5.7,38.4,2.8,3.4,82.0,4.5,2.1,1.1,0.5,2.1,,,,,,
379,Trey Bonham,G,29,27.4,13.6,4.6,9.5,47.8,1.1,3.1,34.8,3.4,4.2,82.6,4.4,4.0,1.3,0.1,2.2,,,,,,
381,Travis Evee,G,33,32.3,13.6,4.4,10.4,42.6,2.6,6.9,37.9,2.2,2.6,83.5,3.1,2.8,1.1,0.1,1.9,,,,,,
382,Ricardo Wright,G,30,29.0,13.6,4.9,12.0,40.8,1.9,5.2,37.4,1.9,2.6,70.9,4.2,1.7,0.6,0.2,2.5,,,,,,
383,Mekhi Lairy,G,32,28.0,13.6,4.8,11.7,41.3,1.6,4.9,33.1,2.3,2.6,91.5,2.9,3.4,1.3,0.1,2.5,,,,,,
384,Xavier Castaneda,G,34,31.9,13.6,4.1,10.1,40.7,2.2,5.9,37.3,3.1,3.8,82.3,3.6,2.3,0.9,0.1,1.5,,,,,,
385,Al Durham,G,31,34.3,13.6,3.7,10.2,36.0,0.9,3.7,23.7,5.4,6.4,83.4,3.4,3.4,0.5,0.3,2.4,,,,,,
386,Dane Goodwin,G,35,33.5,13.6,5.1,10.0,50.4,2.0,4.4,45.8,1.5,1.8,82.3,4.7,1.3,0.6,0.1,1.0,,,,,,
386,Jameer Nelson Jr,G,35,32.7,13.6,4.9,10.9,44.6,1.6,4.4,36.4,2.3,2.9,78.2,4.9,2.2,1.6,0.3,2.5,,,,,,
388,Stacy Beckton Jr,G,30,33.9,13.6,4.9,11.5,42.8,1.3,3.5,35.8,2.4,3.3,73.0,4.7,1.4,1.4,0.7,2.4,,,,,,
388,Marcus Garrett,G,30,28.4,13.6,5.1,11.3,45.0,0.4,1.4,30.2,3.0,5.0,60.0,4.4,2.8,1.2,0.1,2.7,,,,,,
390,Tyrese Martin,G,29,32.1,13.6,5.0,11.1,44.9,1.5,3.4,43.0,2.1,3.1,68.9,7.5,1.9,0.8,0.5,1.8,,,,,,
391,Tylor Perry,G,31,29.9,13.5,3.9,9.3,42.2,2.3,5.6,41.4,3.4,4.0,83.2,2.9,2.5,1.3,0.1,1.3,,,,,,
392,Jalon Pipkins,G,33,30.6,13.5,5.0,11.1,45.4,1.0,3.5,28.7,2.5,2.9,85.4,3.2,2.1,1.6,0.2,2.7,,,,,,
393,Donald Carey,G,28,33.9,13.5,4.4,10.3,42.4,2.3,5.9,38.8,2.5,2.8,91.0,4.4,2.9,1.5,0.2,2.2,,,,,,
394,James Akinjo,G,32,33.1,13.5,4.6,12.1,38.3,1.3,4.3,29.5,3.0,3.6,83.5,2.8,5.8,2.0,0.0,3.0,,,,,,
395,Cameron Holden,G,34,33.1,13.5,4.5,10.6,42.8,0.6,2.3,26.9,3.9,5.5,70.1,7.9,3.1,2.0,0.2,2.5,,,,,,
396,Jarod Lucas,G,31,33.7,13.5,4.4,10.6,41.5,2.4,6.1,38.6,2.4,2.7,87.1,2.3,1.2,0.8,0.0,1.1,,,,,,
397,RJ Davis,G,39,33.9,13.5,4.6,10.7,42.5,1.7,4.6,36.7,2.7,3.2,83.3,4.3,3.6,1.0,0.2,1.9,,,,,,
398,Jaren Holmes,G,33,38.0,13.5,4.6,11.7,39.2,1.0,3.7,27.3,3.3,4.4,76.4,5.0,3.6,1.1,0.3,2.0,,,,,,
399,Payton Sparks,F,31,28.0,13.5,4.5,8.4,53.3,0.0,0.2,0.0,4.6,6.5,70.3,8.5,1.2,0.4,0.5,2.2,,,,,,
400,C.J. Roberts,G,27,28.7,13.5,4.7,12.0,39.4,1.1,3.8,30.4,2.9,4.0,72.0,2.4,2.4,1.1,0.2,2.7,,,,,,
401,Yauhen Massalski,F,32,27.2,13.5,5.7,9.6,59.6,0.1,0.3,22.2,2.0,3.8,51.2,9.4,1.6,0.5,2.2,2.4,,,,,,
402,Phillip Russell,G,30,30.5,13.5,4.3,10.1,42.1,1.6,4.8,34.0,3.3,4.5,73.3,2.5,3.1,1.3,0.0,2.1,,,,,,
403,Jack Nunge,C,36,26.5,13.4,4.6,8.5,54.8,1.0,2.7,36.5,3.2,4.5,70.6,7.4,1.1,0.7,1.4,0.9,,,,,,
404,Darius Burford,G,32,30.8,13.4,5.3,11.7,45.3,0.9,2.4,36.8,1.9,2.7,71.3,4.1,3.0,1.5,0.1,2.4,,,,,,
405,Nigel Scantlebury,G,29,30.8,13.4,4.3,10.2,42.0,1.6,3.8,41.4,3.3,3.8,86.4,3.3,3.5,1.0,0.1,2.6,,,,,,
406,Alex Hunter,G,34,32.0,13.4,4.7,10.6,44.3,3.3,8.0,41.3,0.7,1.0,70.6,2.5,3.1,1.1,0.1,0.9,,,,,,
406,Justice Hill,G,34,31.3,13.4,4.8,11.1,43.1,1.9,5.2,35.8,2.0,2.6,74.4,2.3,5.1,1.1,0.1,1.9,,,,,,
408,Wendell Moore Jr,F,39,33.9,13.4,4.8,9.6,50.0,1.3,3.2,41.3,2.4,3.0,80.5,5.3,4.4,1.4,0.2,1.9,,,,,,
409,Jeremiah Davenport,G,32,26.9,13.4,4.5,11.4,39.3,2.6,7.2,35.9,1.8,2.4,76.3,5.5,0.8,0.6,0.3,1.3,,,,,,
410,Jalen Ray,G,30,32.4,13.4,4.3,10.5,41.1,3.0,7.5,39.7,1.8,2.1,84.1,3.3,1.7,1.0,0.2,1.1,,,,,,
411,Darryl Morsell,G,31,29.7,13.4,4.8,10.8,44.6,1.4,4.0,34.7,2.4,3.1,77.1,3.6,2.5,1.2,0.4,2.5,,,,,,
412,Matt Johnson,G,38,33.7,13.4,4.6,9.7,47.6,2.2,5.1,42.5,1.9,2.6,75.5,3.2,3.7,0.6,0.0,2.2,,,,,,
413,Colton Sandage,G,31,31.5,13.4,4.4,10.0,43.7,2.1,6.0,35.1,2.5,3.2,79.8,3.9,2.6,1.3,0.3,2.0,,,,,,
414,Jan Zidek,F,29,28.9,13.3,4.8,11.4,41.8,1.3,4.2,30.3,2.6,2.9,88.1,3.7,1.3,0.4,0.0,1.4,,,,,,
414,Kino Lilly Jr,G,29,29.7,13.3,4.6,10.5,43.4,2.5,6.3,39.9,1.7,2.1,82.0,1.6,2.4,1.3,0.1,2.2,,,,,,
416,Jalen Pickett,G,31,37.2,13.3,5.2,12.4,42.0,1.5,4.7,32.0,1.4,1.9,74.6,4.3,4.4,1.1,0.6,1.8,,,,,,
416,Trey Townsend,F,31,36.4,13.3,5.3,10.0,53.1,0.2,1.4,16.7,2.5,3.3,75.7,5.6,1.8,1.4,1.0,1.5,,,,,,
418,Umoja Gibson,G,35,32.1,13.3,4.3,9.9,43.5,2.6,6.7,39.0,2.1,2.4,87.1,2.1,1.5,1.3,0.0,1.4,,,,,,
419,Jalen Johnson,G,32,30.8,13.3,4.4,10.3,42.7,2.4,6.1,39.0,2.1,2.4,89.5,4.7,1.3,0.8,1.1,1.4,Yes,20.0,2021.0,,,
419,John Carter Jr,G,32,29.3,13.3,4.5,11.1,40.4,2.0,5.5,36.9,2.3,2.9,80.6,4.4,1.3,1.0,0.2,1.8,,,,,,
419,Hunter McIntosh,G,32,33.0,13.3,4.5,11.8,38.4,2.7,7.2,37.7,1.5,1.9,80.3,2.6,2.8,0.6,0.0,2.4,,,,,,
422,Darin Green Jr,G,29,30.9,13.3,4.7,11.6,40.1,3.0,7.8,38.5,1.0,1.4,72.5,2.6,1.6,0.7,0.2,1.2,,,,,,
423,Nate Watson,C,33,28.0,13.3,5.5,10.0,54.8,0.0,0.0,0.0,2.3,4.0,58.3,5.2,0.5,0.3,0.7,1.1,,,,,,
424,Jacob Gilyard,G,37,38.5,13.3,4.2,10.7,39.5,2.5,7.1,36.0,2.3,2.7,86.0,3.5,5.4,2.9,0.2,1.6,,,,,,
425,Michael Cubbage,G,27,29.4,13.3,4.9,12.5,39.3,0.6,2.2,25.0,2.9,3.9,74.3,5.7,2.1,1.9,0.3,1.8,,,,,,
426,Marcus Shaver Jr,G,34,33.1,13.3,4.5,11.0,40.8,1.7,4.8,35.2,2.7,3.5,76.5,3.7,2.1,1.1,0.2,1.6,,,,,,
427,Santiago Vescovi,G,35,31.2,13.3,4.1,10.0,41.3,2.9,7.2,40.3,2.1,2.6,79.3,4.4,3.2,1.7,0.2,1.6,,,,,,
428,Nendah Tarke,G,32,34.0,13.3,4.4,11.1,39.6,1.1,4.1,27.5,3.3,5.3,62.6,6.8,2.7,2.9,0.3,2.9,,,,,,
429,Jalen Benjamin,G,29,30.3,13.3,4.4,11.1,39.4,1.8,4.8,37.7,2.7,3.3,83.2,2.5,4.0,0.8,0.1,2.4,,,,,,
430,Alimamy Koroma,F,28,26.6,13.3,5.1,10.2,50.0,0.6,2.2,27.4,2.4,3.6,68.0,5.5,0.5,0.7,0.9,2.5,,,,,,
431,Enrique Freeman,F,34,28.8,13.2,5.1,7.7,66.5,0.0,0.1,0.0,2.9,4.5,64.9,10.8,1.4,0.5,1.2,1.9,,,,,,
432,Omari Moore,G,30,34.6,13.2,5.0,10.5,47.8,1.1,2.6,42.9,2.1,3.0,68.1,5.5,4.6,1.1,1.1,3.8,,,,,,
433,Isaac Mushila,F,35,26.0,13.2,4.2,8.0,52.9,0.3,0.8,31.0,4.5,5.7,78.6,9.4,1.2,1.2,0.1,1.9,,,,,,
434,Mike Okauru,G,36,31.5,13.2,4.7,10.5,44.6,1.8,5.1,34.8,2.1,2.6,80.4,3.9,2.1,1.4,0.5,1.7,,,,,,
435,Taylor Funk,F,28,36.1,13.2,4.2,10.3,40.6,2.7,7.3,37.3,2.1,2.5,87.0,6.6,1.8,0.9,0.3,1.5,,,,,,
436,Michael Forrest,G,34,30.7,13.2,4.3,10.7,39.8,2.5,7.1,35.3,2.2,2.5,86.0,3.4,3.0,1.0,0.0,2.1,,,,,,
437,Marcellus Earlington,G,31,26.7,13.2,4.9,12.0,40.7,1.4,4.0,34.1,2.1,3.0,70.7,6.7,1.2,0.6,0.4,1.8,,,,,,
438,Rylan Bergersen,G,34,32.4,13.2,4.3,8.8,48.7,0.8,2.6,29.2,3.8,5.1,74.7,4.8,4.3,1.1,0.5,2.1,,,,,,
439,Jason Roche,G,31,36.2,13.2,4.0,10.0,40.1,3.5,8.9,39.7,1.6,1.8,90.9,4.0,0.7,0.7,0.2,1.0,,,,,,
440,Kevin Johnson,G,27,35.1,13.1,4.9,10.9,44.7,1.7,4.8,34.9,1.8,2.4,72.7,3.0,4.9,1.2,0.2,2.2,,,,,,
441,Vance Jackson,F,30,31.1,13.1,4.4,11.2,39.5,2.6,6.5,40.7,1.6,2.4,67.1,6.0,1.2,0.5,0.1,1.8,,,,,,
441,Kevin Miller,G,30,32.9,13.1,4.8,11.4,42.1,1.1,3.0,36.0,2.5,3.2,77.9,3.4,4.6,1.1,0.1,2.8,,,,,,
443,Russell Harrison,G,31,32.5,13.1,4.6,10.0,46.0,2.2,5.8,38.3,1.7,2.0,83.9,5.5,1.3,0.9,0.5,1.4,,,,,,
444,Cameron Christon,G,30,28.4,13.1,4.1,9.7,42.8,1.8,4.5,40.3,3.0,3.8,80.5,3.9,1.0,0.8,0.5,1.5,,,,,,
445,Isaih Moore,F,27,28.5,13.1,4.8,9.1,53.1,0.6,2.0,30.9,2.8,4.1,68.5,6.9,1.2,0.5,1.1,1.7,,,,,,
446,Joe Quintana,G,29,33.1,13.1,3.8,9.5,40.4,2.9,6.7,43.0,2.6,2.8,92.5,3.0,1.8,1.1,0.1,1.3,,,,,,
447,Austin Trice,F,32,25.9,13.1,5.2,9.6,54.2,0.0,0.1,0.0,2.6,5.1,51.2,9.0,1.1,0.6,0.5,1.6,,,,,,
447,Dwight Murray Jr,G,32,37.4,13.1,4.9,12.6,38.8,1.3,4.0,32.0,2.0,2.5,81.3,6.3,4.7,0.9,0.1,2.4,,,,,,
447,Xander Rice,G,32,32.5,13.1,3.8,9.7,39.8,1.6,3.7,42.4,3.8,4.3,88.4,2.4,3.9,1.3,0.1,2.1,,,,,,
450,Ryan Kalkbrenner,C,34,29.4,13.1,5.1,7.9,64.6,0.1,0.4,25.0,2.8,3.8,73.6,7.7,0.9,0.4,2.6,1.4,,,,,,
451,Jermaine Marshall,F,29,25.8,13.0,4.4,9.3,46.9,1.0,3.4,29.0,3.3,4.5,73.1,8.2,0.9,1.1,0.2,1.8,,,,,,
452,Nelly Junior Joseph,C,33,28.4,13.0,4.8,8.8,54.8,0.0,0.1,25.0,3.3,5.0,65.7,8.2,1.5,1.1,1.9,2.1,,,,,,
453,Darious Hall,G,25,27.9,13.0,5.0,10.8,45.8,0.5,1.8,28.3,2.6,3.6,70.3,6.5,2.5,1.2,0.3,3.3,,,,,,
453,Evan Taylor,G,32,29.8,13.0,4.8,10.2,47.2,1.7,4.1,41.2,1.7,2.3,74.0,5.8,1.3,0.8,1.0,1.4,,,,,,
453,Essam Mostafa,F,33,28.9,13.0,5.1,10.2,49.9,0.0,0.2,12.5,2.8,4.7,61.0,9.4,1.1,0.5,1.1,1.9,,,,,,
453,Tyree Corbett,F,24,25.1,13.0,4.9,10.4,46.8,0.5,2.3,24.1,2.7,4.4,61.3,8.8,0.9,0.6,0.9,1.9,,,,,,
453,Kyrell Luc,G,31,32.3,13.0,4.7,11.9,39.2,1.2,3.5,35.5,2.4,3.1,77.3,3.6,2.4,1.5,0.3,2.7,,,,,,
458,Keshawn Justice,F,33,34.2,13.0,4.3,10.2,42.4,2.3,5.5,42.3,2.0,2.2,89.0,6.7,2.2,0.7,0.4,0.8,,,,,,
459,Josh Mballa,F,28,27.6,13.0,4.8,9.8,48.9,0.3,1.3,25.7,3.1,4.8,64.7,8.6,1.1,1.2,0.9,2.3,,,,,,
459,Elijah Hawkins,G,28,29.8,13.0,4.3,11.5,37.7,1.2,4.0,29.7,3.1,4.0,79.3,3.8,5.6,2.3,0.1,4.0,,,,,,
461,Jr. Clay,G,32,29.6,12.9,4.6,12.2,37.8,1.8,5.6,32.0,2.0,2.8,70.0,2.9,3.7,1.6,0.3,2.3,,,,,,
462,Jalen Hawkins,SG,27,27.7,12.9,4.4,9.6,45.9,1.4,4.1,35.5,2.7,3.9,69.2,3.7,1.6,1.3,0.2,2.0,,,,,,
462,Jacob Falko,G,27,30.7,12.9,5.2,11.3,45.8,0.9,3.0,29.3,1.7,2.1,78.9,4.0,3.1,1.0,0.2,2.3,,,,,,
464,Josh Cohen,F,26,25.9,12.9,4.8,8.4,57.5,0.0,0.0,0.0,3.2,5.0,64.6,7.0,1.8,0.4,0.7,1.3,,,,,,
465,Braelen Bridges,C,32,28.2,12.9,5.0,7.9,63.4,0.0,0.0,0.0,2.8,3.9,73.4,5.6,1.9,0.3,0.4,2.5,,,,,,
466,Keon Clergeot,G,33,29.2,12.9,3.9,9.2,42.6,1.4,3.9,36.7,3.6,4.3,83.7,2.5,3.2,1.2,0.1,2.9,,,,,,
467,Clifton Moore,F,30,30.3,12.9,4.8,9.9,49.0,0.5,2.0,24.6,2.7,3.7,72.3,6.1,1.2,0.4,2.8,1.5,,,,,,
468,Freddy Hicks,G,31,31.1,12.8,4.0,9.5,42.5,0.8,2.7,30.6,3.9,5.1,77.7,5.3,1.7,0.9,0.7,1.5,,,,,,
469,Jules Bernard,G,35,30.1,12.8,4.2,10.0,41.9,1.6,4.7,33.7,2.8,3.5,81.8,4.7,1.7,1.0,0.2,1.0,,,,,,
469,DaRon Holmes,F,35,30.7,12.8,5.2,8.1,64.9,0.0,0.2,14.3,2.3,4.0,58.6,6.1,1.3,0.4,2.3,1.3,,,,,,
471,Frankie Fidler,F,29,28.7,12.8,4.6,9.5,48.4,1.2,2.9,42.9,2.4,2.9,82.4,3.7,1.8,0.8,0.3,2.1,,,,,,
472,Malique Jacobs,G,33,34.0,12.8,4.0,9.8,41.3,0.7,2.2,31.1,4.1,5.3,76.1,7.5,3.2,1.5,0.8,2.6,,,,,,
473,Riley Grigsby,G,31,27.8,12.8,4.7,11.7,40.4,1.5,5.0,29.7,1.8,2.3,79.2,3.6,0.9,0.7,0.5,1.4,,,,,,
473,Khalid Thomas,F,31,27.7,12.8,4.7,11.2,42.2,1.3,4.5,29.0,2.1,2.7,77.4,6.3,1.1,1.8,0.8,1.4,,,,,,
475,Jamel Horton Jr,G,30,33.3,12.8,4.9,11.7,42.0,0.9,2.6,35.9,1.9,2.8,69.0,3.4,3.9,1.1,0.3,2.3,,,,,,
476,Eli Brooks,G,34,36.0,12.8,4.5,10.2,44.4,1.6,4.2,39.4,2.1,2.4,87.7,3.7,2.9,1.2,0.1,1.4,,,,,,
476,Jubrile Belo,F,34,26.9,12.8,4.2,7.3,57.9,0.1,0.2,50.0,4.3,6.0,71.6,6.7,1.1,0.5,1.8,2.2,,,,,,
478,Kyle Lofton,G,30,38.5,12.8,4.5,11.3,40.2,1.0,3.4,28.2,2.7,3.3,82.0,3.6,5.9,2.0,0.1,2.6,,,,,,
478,Carlos Marshall Jr,G,30,26.9,12.8,4.5,10.3,43.2,1.9,4.6,40.6,2.0,2.4,83.1,3.4,1.4,1.0,0.3,2.4,,,,,,
480,Marcus Weathers,F,33,28.1,12.8,4.6,9.1,50.7,0.7,2.0,33.3,2.9,4.0,71.4,7.5,1.8,0.5,0.6,1.6,,,,,,
481,Tajion Jones,G,32,33.0,12.8,4.2,9.9,42.6,2.6,6.6,39.3,1.7,2.3,76.4,5.6,0.9,0.8,0.3,1.1,,,,,,
481,Kevion Taylor,G,32,34.6,12.8,4.3,9.6,44.5,2.1,5.5,38.3,2.1,2.6,80.7,2.8,1.6,0.9,0.2,1.9,,,,,,
483,TJ Madlock,G,31,32.9,12.7,4.5,11.0,40.6,0.7,2.5,30.3,3.1,4.3,72.2,5.6,3.2,1.4,0.1,2.3,,,,,,
484,Jairus Hamilton,F,29,30.2,12.7,4.7,10.7,44.2,1.2,3.9,31.6,2.0,3.1,66.3,5.4,1.7,0.7,0.2,2.0,,,,,,
485,Mark Smith,G,31,31.7,12.7,4.3,9.5,44.9,1.2,3.4,36.2,2.9,4.1,70.9,8.4,1.7,1.1,0.0,1.9,,,,,,
486,Parker Bjorklund,F,24,25.0,12.7,5.5,10.0,54.6,0.3,0.5,50.0,1.5,2.9,53.6,6.3,1.4,0.8,0.5,1.4,,,,,,
487,Donovan Williams,F,27,22.1,12.7,4.5,9.2,48.8,1.3,2.9,43.6,2.5,3.9,63.8,3.3,1.1,0.7,0.4,1.7,,,,,,
488,Primo Spears,G,30,32.2,12.7,4.6,12.6,36.7,1.0,3.3,30.0,2.4,3.3,74.5,2.5,3.0,1.3,0.1,2.1,,,,,,
489,Christiaan Jones,G,29,31.4,12.7,4.6,10.7,42.8,1.2,3.7,33.6,2.3,3.3,69.5,6.6,1.3,1.2,0.2,1.5,,,,,,
490,Nick Guadarrama,F,25,34.4,12.7,4.8,11.0,43.1,1.4,4.8,30.3,1.7,2.5,68.3,5.2,2.7,1.0,0.6,2.0,,,,,,
491,RayJ Dennis,G,34,33.7,12.7,5.1,10.1,50.3,0.8,2.5,32.1,1.7,2.4,71.6,5.6,4.0,0.8,0.1,2.2,,,,,,
492,Isaiah Wilkins,G,33,26.3,12.7,4.5,9.7,46.9,1.8,4.7,39.4,1.7,2.1,81.4,6.2,2.0,1.5,0.2,1.5,,,,,,
492,Madut Akec,F,24,29.4,12.7,4.8,9.5,50.0,1.0,2.6,38.1,2.2,2.7,81.3,7.0,1.0,1.4,0.4,1.8,,,,,,
492,Kobe Julien,F,27,25.4,12.7,4.5,10.7,42.0,1.7,4.8,34.9,2.0,3.0,67.1,4.0,1.4,1.0,0.6,2.1,,,,,,
495,Tucker Richardson,G,35,33.1,12.7,4.6,10.5,43.9,2.1,5.9,36.6,1.3,2.1,63.9,5.7,3.8,1.3,0.3,2.0,,,,,,
496,Caleb Mills,G,26,26.3,12.7,4.6,10.7,43.3,1.2,3.3,35.3,2.3,2.7,85.5,2.4,2.4,1.5,0.5,2.0,,,,,,
497,Matthias Tass,F,34,28.9,12.6,5.0,9.0,55.9,0.1,0.5,11.1,2.5,3.2,79.6,6.1,2.1,0.5,0.7,1.6,,,,,,
497,Tevin Olison,G,34,30.6,12.6,4.5,10.4,43.1,2.0,5.4,36.6,1.7,2.2,79.7,4.4,1.3,1.2,0.4,2.0,,,,,,
499,Austin Butler,G,31,32.8,12.6,4.7,9.2,51.8,1.1,2.8,39.8,2.0,2.9,70.0,6.0,1.5,0.9,0.1,1.5,,,,,,
