RK,NAME,POS,GP,MIN,PTS,FGM,FGA,FG%,3PM,3PA,3P%,FTM,FTA,FT%,REB,AST,STL,BLK,TO,Unnamed: 20,Unnamed: 21,2012,Drafted?,Draft Pick,Draft Year
1,Reggie Hamilton,G,36,35.7,26.2,7.8,17.5,44.6,3.3,7.8,42.0,7.3,8.3,87.6,3.8,5.1,2.0,0.1,3.7,,,,,,
2,Umar Shannon,G,1,35.0,26.0,7.0,14.0,50.0,3.0,8.0,37.5,9.0,10.0,90.0,2.0,1.0,1.0,0.0,5.0,,,,,,
3,Damian Lillard,G,32,34.5,24.5,7.2,15.5,46.7,2.9,7.2,40.9,7.1,8.0,88.7,5.0,4.0,1.5,0.2,2.3,Yes,6.0,2012.0,Yes,6.0,2012.0
4,Doug McDermott,F,35,31.9,22.9,8.8,14.6,60.1,1.5,3.2,48.6,3.8,4.8,79.6,8.2,1.1,0.2,0.1,2.3,Yes,11.0,2014.0,,,
5,Quincy Roberts,G,21,35.5,22.7,7.1,17.3,40.9,1.9,5.8,32.0,6.7,8.3,80.0,5.7,1.5,1.0,0.2,3.6,,,,,,
6,Shane Gibson,G,32,33.8,22.0,7.9,15.5,51.0,2.7,6.3,43.3,3.5,4.1,86.2,4.7,2.2,1.5,0.3,3.2,,,,,,
7,CJ McCollum,G,35,33.1,21.9,7.3,16.4,44.3,1.7,5.0,34.1,5.7,7.0,81.1,6.5,3.5,2.6,0.5,2.3,Yes,10.0,2013.0,,,
8,Terrell Stoglin,G,32,32.7,21.6,6.9,16.7,41.3,2.8,7.4,38.4,5.0,6.3,78.7,3.4,1.9,0.7,0.1,2.2,,,,,,
9,Gerardo Suero,G,32,31.7,21.5,6.9,15.0,45.9,0.9,2.5,35.8,6.9,8.3,83.0,5.8,3.1,1.3,0.3,4.2,,,,,,
10,Nate Wolters,G,34,35.8,21.2,7.4,16.4,44.8,1.0,4.0,24.1,5.5,7.1,78.3,5.1,5.9,1.7,0.1,2.2,Yes,38.0,2013.0,,,
11,Frank Gaines,G,30,32.1,21.2,6.9,15.5,44.5,1.6,4.7,34.5,5.7,7.7,74.8,5.9,1.2,1.4,0.6,2.6,,,,,,
12,Kevin Murphy,G,33,34.5,20.6,7.2,16.3,44.4,2.4,5.8,41.6,3.8,5.2,72.1,5.2,2.3,0.8,0.2,3.3,Yes,47.0,2012.0,Yes,47.0,2012.0
13,Colt Ryan,G-F,32,36.3,20.5,6.2,14.1,44.2,2.3,5.3,43.8,5.8,6.8,84.4,4.2,3.3,1.9,0.2,2.4,,,,,,
14,Nick Barbour,G,31,32.7,20.4,6.0,13.4,44.6,3.5,7.2,48.4,5.0,6.0,82.9,2.5,1.4,1.1,0.4,1.7,,,,,,
15,Alex Young,G-F,32,32.8,20.4,6.8,16.1,42.4,1.8,5.4,33.9,4.9,6.0,81.7,5.9,2.2,1.6,1.0,2.4,,,,,,
16,J'Covan Brown,G,34,35.6,20.1,6.6,15.7,41.7,2.4,6.4,36.9,4.6,5.4,86.3,3.4,3.8,1.2,0.1,2.7,,,,,,
17,John Shurna,F,33,37.3,20.0,6.9,14.9,46.3,2.9,6.5,44.0,3.3,4.4,75.3,5.4,2.8,1.2,1.7,1.6,,,,,,
18,Kevin Jones,F,33,38.3,19.9,7.9,15.5,50.9,1.0,3.9,26.6,3.1,4.0,78.0,10.9,1.2,0.7,1.0,1.3,,,,,,
19,Mike Moore,G,32,34.6,19.9,6.3,14.9,41.9,2.5,6.5,39.1,4.9,6.0,81.7,4.6,2.1,1.7,0.1,2.9,,,,,,
20,John Jenkins,G,35,33.6,19.9,6.2,13.1,47.4,3.8,8.7,43.9,3.7,4.4,83.7,2.9,1.2,0.8,0.3,1.6,Yes,23.0,2012.0,Yes,23.0,2012.0
21,Dominique Morrison,F,34,36.5,19.8,6.3,13.0,48.8,1.6,3.8,42.3,5.6,6.7,82.5,4.3,1.6,0.8,0.4,1.7,,,,,,
22,Orlando Johnson,G,31,34.4,19.7,6.7,14.8,45.1,2.3,5.3,42.7,4.1,5.9,69.8,5.8,2.9,1.1,0.7,2.5,Yes,36.0,2012.0,Yes,36.0,2012.0
23,Darryl Partin,G,32,33.7,19.6,6.8,16.8,40.7,2.2,6.9,31.2,3.8,5.3,71.9,3.9,1.1,1.1,0.1,3.2,,,,,,
24,Marshawn Powell,F,2,21.5,19.5,7.5,10.5,71.4,0.0,1.0,0.0,4.5,6.5,69.2,6.0,1.5,1.0,1.5,4.0,,,,,,
25,Antwan Carter,C,31,34.0,19.4,7.9,15.5,51.0,0.7,2.4,30.7,2.8,4.0,71.5,9.2,1.3,1.0,0.9,2.3,,,,,,
26,Charles Odum,G,32,31.4,19.1,6.0,11.3,52.9,1.2,3.5,33.9,5.9,7.1,83.3,3.9,2.6,0.9,0.2,2.9,,,,,,
27,Isaiah Canaan,G,33,33.7,19.0,5.7,12.1,46.8,3.0,6.5,45.6,4.7,5.6,83.7,3.5,3.6,1.4,0.1,2.7,Yes,34.0,2013.0,,,
27,George Beamon,G,33,32.0,19.0,6.4,13.1,48.6,1.8,4.3,42.7,4.4,5.5,80.1,5.6,2.0,1.5,0.5,2.7,,,,,,
29,Ken Horton,F,28,34.5,19.0,6.9,14.0,49.1,1.6,5.3,31.3,3.6,4.5,80.2,8.9,1.7,2.1,1.4,1.9,,,,,,
30,Devon Saddler,G,32,35.6,18.8,6.0,15.4,39.1,1.8,5.9,31.1,4.9,6.2,80.2,4.1,1.8,0.8,0.3,3.2,,,,,,
31,Tim Frazier,G,32,37.1,18.8,6.5,15.5,41.9,0.8,2.7,31.4,5.0,6.3,79.1,4.7,6.2,2.4,0.2,3.7,,,,,,
32,Charlie Westbrook,G,28,32.4,18.7,6.5,14.1,46.4,1.3,3.4,38.9,4.3,5.6,76.6,4.0,2.2,1.7,0.9,2.5,,,,,,
33,Wendell McKines,F,35,33.7,18.7,6.7,14.4,46.1,1.5,4.1,35.2,3.9,5.1,76.0,10.7,1.5,0.8,0.4,2.0,,,,,,
34,Andrew Nicholson,F,32,30.1,18.5,6.9,12.0,57.1,0.7,1.7,43.4,4.0,5.2,77.6,8.4,1.0,0.7,2.0,2.5,Yes,19.0,2012.0,Yes,19.0,2012.0
35,Charles Hinkle,F,32,34.3,18.4,5.5,13.5,40.6,2.7,6.3,41.9,4.8,5.8,83.8,5.4,1.8,0.9,0.4,2.1,,,,,,
36,Trevis Simpson,G-F,30,27.8,18.3,6.2,16.2,38.3,2.0,6.5,31.1,3.9,5.2,75.5,4.2,0.7,0.8,0.2,2.2,,,,,,
37,Darius Johnson-Odom,G,34,32.9,18.3,6.2,13.8,44.7,2.3,5.9,38.5,3.7,4.9,76.4,3.5,2.7,0.9,0.1,2.4,Yes,55.0,2012.0,Yes,55.0,2012.0
38,Mike Glover,F,33,33.6,18.3,7.2,11.4,63.7,0.0,0.0,0.0,3.8,5.9,64.9,9.0,1.0,1.0,1.2,2.7,,,,,,
39,Darrion Pellum,G,33,38.5,18.3,5.9,16.4,36.2,2.2,7.4,29.6,4.2,5.6,75.5,4.2,1.7,1.2,0.3,3.2,,,,,,
40,Zack Rosen,G,33,38.2,18.2,6.4,14.1,45.3,2.3,5.7,39.9,3.2,3.6,88.2,3.2,5.2,1.4,0.1,2.7,,,,,,
41,Aaron Broussard,F,27,29.2,18.2,6.8,14.6,46.7,1.3,4.0,32.7,3.3,4.6,71.8,6.5,1.0,1.6,0.1,1.8,,,,,,
42,Greg Mangano,F,29,32.1,18.2,6.8,14.3,47.4,1.3,3.9,33.3,3.3,5.0,65.5,9.6,0.5,0.4,2.2,2.0,,,,,,
43,Brock Motum,F,34,31.5,18.0,6.5,11.7,55.4,0.9,2.1,39.7,4.2,5.7,73.8,6.4,1.6,0.6,0.4,3.0,,,,,,
44,Will Barton,G,35,35.3,18.0,6.6,12.9,50.9,1.1,3.1,34.6,3.8,5.1,74.9,8.0,2.9,1.4,0.7,2.1,Yes,40.0,2012.0,Yes,40.0,2012.0
45,Mike Scott,F,32,31.2,18.0,6.7,11.9,56.3,0.2,0.6,30.0,4.3,5.4,80.8,8.3,1.2,0.7,0.5,2.1,Yes,43.0,2012.0,Yes,43.0,2012.0
46,Kyle Vinales,G,29,34.7,17.9,6.2,15.7,39.3,2.4,6.3,38.6,3.1,3.7,84.3,2.0,3.6,1.2,0.1,3.1,,,,,,
47,Jared Cunningham,G,36,34.6,17.9,5.5,12.2,45.0,1.4,4.1,33.8,5.5,7.5,73.7,3.8,2.8,2.5,0.4,2.8,Yes,24.0,2012.0,Yes,24.0,2012.0
48,Patrick Richard,G-F,33,36.5,17.9,5.8,14.3,40.2,1.5,5.4,27.9,4.8,6.3,76.9,6.4,3.3,1.3,0.7,2.4,,,,,,
49,Robert Covington,F,34,30.7,17.9,6.4,12.1,52.9,2.0,4.4,45.3,3.1,3.9,78.2,7.9,1.4,1.6,1.4,2.4,,,,,,
50,LaMarcus Reed,G,33,30.6,17.8,5.4,11.8,46.1,1.9,5.0,38.6,5.1,6.3,79.9,3.7,1.7,1.0,0.4,2.6,,,,,,
51,Kevin Olekaibe,G,33,36.5,17.8,5.7,15.4,37.2,2.8,8.2,33.8,3.6,4.5,79.7,3.2,1.2,1.3,0.1,1.5,,,,,,
52,Kevin Foster,G,18,31.6,17.8,5.7,15.1,37.5,3.6,9.2,38.6,2.9,4.2,69.3,3.1,3.2,1.4,0.2,2.3,,,,,,
53,Thomas Robinson,F,39,31.8,17.7,6.7,13.3,50.5,0.2,0.4,50.0,4.2,6.1,68.2,11.9,1.8,1.1,0.9,2.7,Yes,5.0,2012.0,Yes,5.0,2012.0
54,Jeremy Lamb,G-F,34,37.2,17.7,6.4,13.4,47.8,2.1,6.2,33.6,2.9,3.6,81.0,4.9,1.7,1.2,0.6,2.0,Yes,12.0,2012.0,Yes,12.0,2012.0
55,Juan'ya Green,G,33,37.2,17.7,5.7,14.1,40.4,1.8,5.5,33.9,4.5,5.6,80.0,3.2,4.5,1.9,0.3,3.5,,,,,,
56,Marcus Denmon,G,35,34.6,17.7,5.7,12.4,46.0,2.8,6.9,40.7,3.4,3.8,89.6,5.0,2.1,1.5,0.0,1.2,Yes,59.0,2012.0,Yes,59.0,2012.0
57,Maalik Wayns,G,29,33.6,17.6,5.6,13.5,41.4,1.6,5.2,29.8,4.9,5.4,89.2,3.8,4.6,1.0,0.0,3.0,,,,,,
58,Brandon Fortenberry,G,7,33.1,17.6,5.9,12.7,46.1,2.4,6.1,39.5,3.4,4.7,72.7,3.7,2.7,1.3,0.3,1.4,,,,,,
59,Jae Crowder,F,35,32.9,17.5,6.2,12.5,49.8,1.7,5.1,34.5,3.4,4.6,73.5,8.4,2.1,2.5,1.0,1.3,Yes,34.0,2012.0,Yes,34.0,2012.0
60,Tu Holloway,G,34,36.7,17.5,4.9,11.4,42.9,1.3,3.8,34.6,6.4,7.4,86.2,3.6,4.9,1.5,0.1,3.0,,,,,,
60,Ella Ellis,F,30,30.5,17.5,5.4,13.0,41.2,2.1,5.9,35.8,4.7,5.6,82.8,4.9,2.1,0.8,0.4,2.4,,,,,,
62,Jared Sullinger,F,37,30.4,17.5,6.2,11.9,51.9,0.4,1.1,40.0,4.7,6.2,76.8,9.2,1.2,1.2,1.1,1.9,Yes,21.0,2012.0,Yes,21.0,2012.0
63,Phil Martin,G,30,35.5,17.5,6.4,15.0,42.5,1.3,3.7,35.1,3.4,4.3,80.5,5.6,1.0,0.5,0.4,2.4,,,,,,
64,Keith Gabriel,G,33,28.6,17.5,5.8,13.6,42.9,2.3,7.1,32.1,3.5,4.8,74.5,3.5,1.9,1.8,1.2,2.2,,,,,,
65,Cleveland Melvin,F,31,32.1,17.5,7.1,15.8,44.8,0.5,2.3,22.9,2.8,4.4,63.5,7.4,0.8,0.8,1.1,2.2,,,,,,
66,Jamaal Franklin,G,32,30.3,17.4,5.4,12.5,43.3,1.6,4.9,32.5,5.0,6.3,80.0,7.9,1.5,1.0,0.6,3.0,Yes,41.0,2013.0,,,
67,Casper Ware,G,34,33.7,17.4,5.6,13.9,40.1,2.8,7.8,35.6,3.5,4.4,79.3,2.4,3.4,1.4,0.1,2.4,,,,,,
68,Julian Boyd,F,33,27.1,17.4,6.2,11.2,55.7,0.6,1.5,42.0,4.2,5.8,73.7,9.3,0.8,0.5,0.6,2.1,,,,,,
69,Robby Ptacek,G,29,37.0,17.3,5.8,14.1,41.2,1.4,4.3,32.5,4.3,4.7,92.0,3.9,2.2,0.9,0.1,2.8,,,,,,
70,Jud Dillard,G,33,33.4,17.3,6.0,11.6,51.8,0.2,1.0,21.2,5.1,6.2,82.4,8.5,1.3,1.0,0.2,2.4,,,,,,
71,D.J. Seeley,G,31,31.2,17.3,5.5,12.4,43.9,2.1,4.9,43.4,4.3,5.9,73.1,5.5,1.8,1.5,0.2,2.9,,,,,,
72,Ramone Moore,G,32,36.6,17.3,6.1,14.3,42.6,1.8,4.7,38.3,3.3,4.3,76.3,4.3,3.4,1.1,0.2,2.6,,,,,,
73,Reggie Chamberlain,G,31,33.0,17.3,5.6,12.4,45.3,3.1,6.6,47.1,2.9,3.4,86.5,2.5,2.5,0.9,0.1,1.6,,,,,,
74,Khalif Wyatt,G,31,33.0,17.1,5.2,10.9,47.9,1.7,4.5,37.9,5.0,5.8,85.6,3.2,3.3,2.2,0.4,2.5,,,,,,
75,Mike James,G,32,31.1,17.1,6.6,14.6,45.3,1.2,3.8,32.5,2.7,3.4,80.6,3.2,2.0,1.6,0.1,2.1,,,,,,
76,Brandon Riley,G-F,28,32.7,17.1,6.3,15.6,40.3,1.8,5.6,32.5,2.7,3.5,76.8,3.8,1.7,1.0,0.1,3.3,,,,,,
77,Tony Gallo,G,30,33.8,17.1,5.0,12.5,39.7,2.7,7.5,35.4,4.5,5.9,75.8,2.7,3.7,1.3,0.1,2.2,,,,,,
78,Amin Stevens,F,21,32.4,17.1,7.0,14.0,49.5,0.7,2.4,28.0,2.5,4.1,61.6,10.4,1.4,1.5,1.1,3.1,,,,,,
79,Stan Okoye,F,32,28.9,17.1,6.3,12.0,51.9,0.5,2.0,26.6,4.1,6.1,67.0,7.2,2.0,1.5,0.7,2.7,,,,,,
80,Chris Gaston,F,28,33.9,17.1,6.7,15.2,44.1,0.1,0.3,37.5,3.5,5.4,65.1,9.9,1.1,1.3,1.6,2.7,,,,,,
81,Keiton Page,G,32,35.6,17.1,5.1,12.3,41.5,3.2,8.3,38.6,3.6,4.2,85.2,1.8,2.2,1.5,0.0,1.6,,,,,,
82,Harrison Barnes,F,38,29.2,17.1,6.0,13.7,44.0,1.3,3.6,35.8,3.7,5.1,72.3,5.2,1.1,1.1,0.3,1.9,Yes,7.0,2012.0,Yes,7.0,2012.0
83,Jaron Jones,G,32,33.9,17.0,5.8,11.0,53.1,0.8,2.0,37.5,4.6,5.9,77.4,4.4,1.8,1.4,0.3,1.9,,,,,,
84,Ryan Pearson,F,33,30.7,17.0,6.1,12.1,50.2,0.8,2.4,35.0,4.0,5.5,72.5,8.2,1.8,1.3,0.5,2.7,,,,,,
85,Mike Muscala,C,35,29.9,17.0,5.5,11.0,50.3,0.2,0.6,35.0,5.8,6.8,85.3,9.1,1.8,0.5,1.7,2.1,Yes,44.0,2013.0,,,
86,Chris De La Rosa,G,1,33.0,17.0,5.0,11.0,45.5,1.0,4.0,25.0,6.0,9.0,66.7,2.0,10.0,1.0,0.0,4.0,,,,,,
86,Carl Jones,G,33,36.5,17.0,5.3,12.8,41.6,1.9,5.4,34.8,4.5,5.6,79.0,3.3,3.3,1.2,0.0,2.8,,,,,,
88,Preston Medlin,G,37,35.2,17.0,5.5,11.1,49.6,2.6,6.0,42.8,3.4,4.2,80.1,4.4,3.4,0.7,0.1,2.0,,,,,,
89,Harold Washington,G,30,35.0,17.0,6.1,13.7,44.3,0.9,2.5,36.0,3.9,5.1,77.6,4.3,2.8,1.0,0.0,3.1,,,,,,
89,Alex Francis,F,30,32.6,17.0,6.2,12.0,51.2,0.4,1.3,34.2,4.2,6.3,66.7,7.4,1.5,0.7,0.2,4.8,,,,,,
91,Gerald McLemore,G,27,35.4,17.0,6.0,14.0,42.7,2.7,6.8,39.7,2.3,2.4,92.4,2.3,1.3,0.8,0.2,1.7,,,,,,
92,Chaz Williams,G,37,34.9,16.9,5.3,12.9,41.0,1.7,4.0,41.9,4.7,6.0,78.8,4.4,6.2,2.2,0.2,3.4,,,,,,
93,Darryl Bryant,G,33,37.3,16.9,4.8,13.3,35.8,2.2,7.0,30.9,5.3,6.7,78.4,3.1,2.7,1.4,0.1,2.4,,,,,,
94,Al'Lonzo Coleman,C,29,30.4,16.9,5.6,10.4,54.0,0.1,0.4,18.2,5.6,8.6,65.5,8.8,1.8,1.1,0.4,2.9,,,,,,
95,Jamal Olasewere,F,34,26.0,16.9,5.8,10.1,57.1,0.4,1.2,34.1,4.9,6.6,73.3,7.5,1.1,1.5,1.1,3.2,,,,,,
96,Noah Hartsock,F,34,30.9,16.8,6.4,11.2,56.5,0.4,1.0,34.3,3.8,4.5,84.2,5.0,1.5,0.9,1.6,1.6,,,,,,
96,D'Angelo Harrison,G,34,35.4,16.8,4.9,13.0,37.4,2.3,6.4,36.2,4.8,6.0,79.9,3.9,2.0,1.6,0.2,2.3,,,,,,
98,Louie Krogman,G,28,36.0,16.8,5.9,13.4,44.4,2.9,7.5,38.3,2.1,3.0,69.4,3.1,3.8,1.5,0.1,2.0,,,,,,
99,Rayvonte Rice,G,33,33.4,16.8,5.8,13.2,43.6,0.8,3.4,24.1,4.5,6.3,70.8,5.8,1.6,1.9,0.8,2.5,,,,,,
100,Kendrick Perry,G,31,34.8,16.8,5.7,11.8,48.2,1.7,4.9,35.5,3.6,5.2,70.6,3.3,3.9,2.4,0.3,2.1,,,,,,
101,Darren White,G,32,32.0,16.8,6.2,11.8,52.0,1.4,3.7,37.8,3.0,4.6,66.0,5.5,2.1,0.9,1.1,2.6,,,,,,
102,DeJuan Wright,G,22,36.1,16.7,5.6,11.5,48.8,0.9,2.3,39.2,4.6,6.2,74.5,7.9,1.9,1.4,0.4,3.0,,,,,,
103,Devoe Joseph,G,28,35.3,16.7,5.9,12.5,47.3,2.4,5.6,41.8,2.5,3.1,79.5,3.8,3.3,1.4,0.1,1.9,,,,,,
104,Anthony Raffa,G,31,31.0,16.7,5.9,12.4,48.0,1.5,4.1,35.7,3.4,4.6,72.9,3.7,2.0,1.8,0.1,2.2,,,,,,
105,C.J. Harris,G,30,35.1,16.7,5.1,10.7,47.7,1.6,3.9,42.2,4.9,5.8,84.4,3.1,2.5,1.1,0.1,2.4,,,,,,
105,Mike Groselle,C,30,35.3,16.7,6.6,11.2,59.1,0.0,0.0,0.0,3.5,5.1,68.2,9.6,1.8,1.4,0.6,2.2,,,,,,
107,Rakim Sanders,G-F,37,32.3,16.6,6.4,12.7,50.0,1.2,3.8,31.2,2.7,4.3,63.5,8.2,2.5,1.4,0.4,3.3,,,,,,
108,Tyshawn Taylor,G,39,33.4,16.6,5.8,12.2,47.7,1.5,3.9,38.2,3.5,5.1,68.8,2.3,4.8,1.3,0.2,3.5,Yes,41.0,2012.0,Yes,41.0,2012.0
109,James Johnson,G,31,36.1,16.5,5.6,14.6,38.1,2.2,6.1,36.5,3.2,4.3,73.7,3.3,3.5,1.3,0.1,2.5,Yes,16.0,2009.0,,,
110,Jordan Clarkson,G,31,33.9,16.5,5.4,12.4,43.5,1.4,3.7,37.4,4.3,5.5,78.4,3.9,2.5,0.9,0.5,2.7,Yes,46.0,2014.0,,,
111,DeAndre Kane,G,34,34.0,16.5,5.9,14.3,41.4,0.9,3.6,25.0,3.7,6.2,59.9,5.4,3.5,1.4,0.3,3.0,,,,,,
112,Cliff Colimon,G,32,35.1,16.5,5.4,13.4,40.2,2.1,5.7,36.1,3.6,4.4,81.0,3.8,5.0,1.6,0.1,3.3,,,,,,
113,Ben Simons,F,29,35.9,16.4,5.8,12.4,47.1,2.7,6.2,42.5,2.1,2.5,84.9,3.4,1.4,0.8,0.3,1.6,,,,,,
114,Torrey Craig,F,34,29.7,16.4,5.7,13.1,43.5,2.4,7.0,34.9,2.6,3.8,68.2,7.7,1.5,1.3,1.1,2.7,,,,,,
115,Dominique Sutton,F,32,33.9,16.4,5.7,9.9,57.9,0.0,0.1,0.0,5.0,7.5,66.4,7.4,1.7,2.2,0.5,2.6,,,,,,
116,Julian Mavunga,F,30,36.9,16.4,5.0,11.3,44.1,0.8,2.7,30.5,5.6,7.6,73.4,9.0,3.4,0.9,0.6,4.0,,,,,,
117,Isiah Williams,G,33,33.4,16.4,5.6,14.5,38.6,2.5,7.6,32.9,2.7,3.2,84.8,2.8,2.2,0.8,0.1,2.3,,,,,,
118,Arnett Moultrie,F,30,35.8,16.4,6.0,10.9,54.9,0.3,0.6,44.4,4.1,5.3,78.0,10.5,1.2,0.8,0.8,2.4,Yes,27.0,2012.0,Yes,27.0,2012.0
118,Terrence Ross,G,35,31.1,16.4,6.1,13.4,45.7,2.1,5.5,37.1,2.1,2.7,77.4,6.4,1.4,1.3,0.9,2.0,Yes,8.0,2012.0,Yes,8.0,2012.0
120,Robbie John Hummel,F,35,32.2,16.4,5.5,13.3,41.7,2.1,5.4,38.3,3.2,3.9,82.5,7.2,1.9,0.7,1.2,0.9,,,,,,
121,Jordan Burgason,G,19,33.6,16.4,5.2,10.8,48.3,3.7,7.1,52.6,2.2,2.8,79.2,3.2,1.6,0.5,0.2,2.1,,,,,,
122,Jamal Wilson,G,11,34.3,16.4,5.5,13.9,39.2,1.1,4.1,26.7,4.4,5.3,82.8,5.1,2.1,1.2,0.2,3.1,,,,,,
123,Rian Pearson,G,36,32.3,16.4,6.4,13.5,47.5,0.2,0.9,25.8,3.3,4.9,68.0,8.3,1.9,1.6,0.4,2.6,,,,,,
124,Tyler Zeller,F,38,28.2,16.3,5.8,10.5,55.3,0.0,0.0,0.0,4.8,5.9,80.8,9.6,0.9,0.9,1.5,1.9,Yes,17.0,2012.0,Yes,17.0,2012.0
125,Mitchell Watt,F,31,30.2,16.3,6.1,11.0,55.4,0.4,1.1,32.4,3.7,5.0,74.4,7.5,2.3,0.6,2.2,2.6,,,,,,
126,Draymond Green,F,37,33.2,16.2,5.7,12.8,44.9,1.4,3.6,38.8,3.4,4.7,72.3,10.6,3.8,1.5,1.0,3.0,Yes,35.0,2012.0,Yes,35.0,2012.0
127,Steven Pledger,G,30,32.9,16.2,5.7,12.3,45.9,2.4,5.8,41.6,2.5,3.0,83.3,3.9,1.6,1.0,0.2,1.9,,,,,,
128,Isaiah Wilkerson,G,32,31.1,16.2,5.6,12.9,43.4,1.4,3.7,37.3,3.6,4.4,81.6,6.6,2.1,1.8,0.2,1.7,,,,,,
129,Jeffery Taylor,F,36,32.1,16.1,5.8,11.8,49.3,1.8,4.3,42.3,2.6,4.4,60.5,5.6,1.7,1.3,0.4,2.2,,,,,,
130,Drew Crawford,G,33,34.6,16.1,5.9,12.2,48.4,1.8,4.5,41.2,2.5,3.5,70.4,4.7,2.1,1.2,0.6,1.6,,,,,,
131,Matt Dickey,G,34,33.2,16.1,4.5,10.0,44.8,1.8,5.0,36.7,5.4,6.2,86.7,3.3,3.6,1.5,0.1,2.4,,,,,,
131,Anthony Ireland,G,34,36.5,16.1,5.6,12.7,44.0,1.5,4.4,33.8,3.5,4.5,77.1,3.9,4.9,1.7,0.0,3.1,,,,,,
133,Ian Hummer,C,32,32.1,16.1,5.9,12.7,46.7,0.6,1.9,31.7,3.6,5.4,67.1,7.3,3.2,1.4,1.2,2.8,,,,,,
134,Tahj Tate,G,24,35.3,16.1,6.0,13.8,43.9,1.2,3.5,33.3,2.8,3.7,76.4,2.6,2.7,1.3,0.2,2.3,,,,,,
135,Cameron Moore,F,31,35.8,16.1,6.3,13.0,48.3,0.2,0.7,21.7,3.3,5.4,61.3,10.5,1.3,0.6,2.4,2.1,,,,,,
135,Travis McKie,F,31,34.5,16.1,5.6,11.8,47.8,1.1,2.8,37.9,3.7,5.0,73.7,7.0,1.1,0.8,0.6,2.5,,,,,,
137,Jordan Theodore,G,34,36.1,16.1,5.2,13.3,38.9,1.3,4.1,31.9,4.4,5.4,82.4,3.1,6.6,1.8,0.1,2.9,,,,,,
138,Savalace Townsend,G,33,37.4,16.0,5.2,12.5,41.1,1.1,3.1,34.0,4.7,6.4,73.3,4.7,3.1,2.2,0.7,3.0,,,,,,
139,Andre Jones,G,32,34.7,16.0,5.7,13.2,43.2,1.7,4.9,34.0,3.0,3.7,79.8,3.2,1.7,1.2,0.3,2.4,,,,,,
140,Velton Jones,G,37,29.6,16.0,4.4,12.4,35.4,1.6,5.0,32.3,5.6,7.3,76.7,2.8,4.5,1.8,0.0,2.7,,,,,,
141,Tony Wroten,G,35,30.3,16.0,5.7,12.8,44.3,0.3,1.6,16.1,4.4,7.5,58.3,5.0,3.7,1.9,0.4,3.8,Yes,25.0,2012.0,Yes,25.0,2012.0
142,James Nunnally,G,31,33.7,16.0,5.8,12.4,47.0,1.8,5.0,37.0,2.5,3.2,79.6,5.9,2.8,0.7,0.3,2.5,,,,,,
143,A.J. Davis,G,32,32.4,15.9,5.3,12.1,43.7,1.7,5.0,33.1,3.7,5.1,73.5,4.7,1.9,1.7,0.3,2.7,,,,,,
144,Antwaine Wiggins,F,31,34.9,15.9,5.7,12.9,43.9,1.9,5.4,35.7,2.6,4.6,57.7,6.5,2.2,1.1,0.5,2.4,,,,,,
145,Jeremy Granger,G,29,33.6,15.9,5.8,12.5,46.4,1.0,2.7,37.2,3.3,3.9,85.8,3.4,3.0,1.0,0.1,2.3,,,,,,
146,Travis Bader,G,36,36.2,15.9,5.2,12.3,42.6,3.4,8.7,39.5,2.0,2.6,77.7,3.2,1.2,0.9,0.1,1.0,,,,,,
147,J.J. Avila,F,21,33.4,15.9,5.9,12.1,48.6,1.0,3.6,27.6,3.1,4.0,78.3,7.2,2.9,1.8,0.5,2.5,,,,,,
148,Kenny Boynton,G,37,31.6,15.9,5.1,11.5,44.0,3.0,7.3,40.7,2.8,3.7,75.4,2.6,2.7,0.8,0.0,1.4,,,,,,
149,Landon Clement,G,9,31.6,15.9,5.1,11.9,43.0,3.7,8.3,44.0,2.0,2.1,94.7,1.6,2.0,0.6,0.0,1.4,,,,,,
149,Kyle O'Quinn,C,36,31.3,15.9,5.7,9.9,57.3,0.2,0.9,18.8,4.3,6.2,69.6,10.3,1.4,0.7,2.6,2.6,Yes,49.0,2012.0,Yes,49.0,2012.0
151,Deshaun Thomas,F,39,31.4,15.9,6.2,12.0,52.0,1.3,3.7,34.5,2.1,2.8,74.8,5.4,0.9,0.4,0.2,1.2,Yes,58.0,2013.0,,,
152,Vincent Council,C,31,38.7,15.9,5.9,15.2,39.1,0.9,3.2,29.3,3.1,4.5,67.4,4.1,7.5,1.3,0.4,3.5,,,,,,
153,Rodney McGruder,G,33,32.9,15.8,5.7,12.3,46.3,1.5,3.9,38.5,2.9,3.7,80.2,5.2,1.4,1.2,0.3,1.5,,,,,,
154,Ike Azotam,F,32,30.7,15.8,6.3,11.3,55.6,0.0,0.0,0.0,3.2,5.2,61.1,9.5,0.8,0.8,1.0,1.6,,,,,,
155,James Kinney,G,31,31.1,15.8,5.5,13.5,40.5,2.8,7.0,39.8,2.1,2.4,85.3,3.6,2.7,1.3,0.2,3.0,,,,,,
156,Chase Tapley,G,34,34.0,15.8,5.9,12.9,45.5,2.3,5.2,43.3,1.8,2.4,72.3,4.3,2.3,1.8,0.4,1.6,,,,,,
157,Will Cherry,G,32,33.8,15.8,5.0,11.3,44.5,1.6,4.3,37.2,4.1,5.3,78.1,3.9,3.3,2.6,0.3,2.8,,,,,,
157,Trey Zeigler,G,32,31.8,15.8,6.2,13.5,46.2,0.3,1.2,28.9,3.0,6.1,49.5,6.7,2.5,1.1,0.7,2.6,,,,,,
159,Chris Braswell,F,29,29.8,15.8,5.6,10.9,51.1,0.5,1.7,30.6,4.1,5.2,77.6,7.6,1.2,1.2,1.2,3.1,,,,,,
160,Dee Bost,G,33,36.3,15.8,4.8,12.3,39.2,2.3,6.6,34.6,3.8,5.0,76.5,3.3,5.5,2.0,0.2,3.0,,,,,,
161,Lamont Jones,G,33,34.3,15.7,6.0,13.0,45.9,1.6,4.5,35.3,2.2,2.8,78.0,3.3,2.9,1.2,0.1,2.2,,,,,,
161,De'Mon Brooks,F,33,22.8,15.7,6.1,11.5,53.0,0.6,1.7,36.8,2.8,3.9,72.1,6.2,0.8,1.0,0.5,1.7,,,,,,
163,Eric Griffin,F,31,30.3,15.7,5.7,9.4,61.0,0.4,1.0,36.7,3.9,6.9,56.8,8.6,1.5,0.9,2.4,2.7,,,,,,
164,Cody Zeller,F,36,28.5,15.6,5.6,8.9,62.3,0.0,0.0,0.0,4.5,6.0,75.5,6.6,1.3,1.4,1.2,1.7,Yes,4.0,2013.0,,,
165,Kyle Weems,F,32,31.4,15.6,5.7,13.8,41.4,1.9,4.7,40.4,2.3,3.0,78.1,7.2,1.4,0.6,0.6,1.9,,,,,,
165,Josh Watkins,G,16,31.1,15.6,5.4,13.8,39.1,0.8,3.5,21.4,4.1,6.1,68.0,3.3,4.8,1.1,0.2,4.1,,,,,,
167,Kwame Vaughn,G,31,31.5,15.6,5.1,11.1,45.8,1.9,4.9,39.1,3.6,4.2,84.7,4.5,3.7,0.9,0.1,2.7,,,,,,
168,Michael Lyons,G,23,33.1,15.6,5.6,12.4,44.9,2.0,5.3,37.2,2.5,3.6,70.7,4.0,1.5,1.1,0.2,2.4,,,,,,
169,Erick Green,G,31,34.5,15.6,5.5,12.5,43.8,1.4,3.6,37.5,3.3,3.9,82.8,3.3,2.8,1.3,0.1,1.5,Yes,46.0,2013.0,,,
169,Shay Shine,G,31,31.4,15.6,5.1,11.1,45.5,2.0,5.0,39.7,3.5,4.3,81.1,5.4,3.0,1.2,0.5,2.3,,,,,,
171,Matthew Dellavedova,G,33,37.5,15.5,4.8,10.7,44.6,1.8,5.1,35.5,4.2,4.9,85.7,3.3,6.4,0.8,0.1,2.9,,,,,,
172,Brian Barbour,G,30,35.6,15.5,4.7,11.9,39.4,1.2,3.7,33.3,4.9,5.4,90.1,2.8,4.4,1.0,0.1,2.3,,,,,,
172,Langston Galloway,G,34,35.7,15.5,5.4,11.0,48.8,2.6,5.7,46.6,2.1,2.7,78.5,4.5,2.2,1.0,0.6,1.2,,,,,,
172,Jenirro Bush,G,18,32.1,15.5,5.5,14.3,38.4,1.3,4.2,31.6,3.2,4.4,71.2,4.7,0.8,1.8,0.3,2.5,,,,,,
172,Austin Rivers,G,34,33.2,15.5,5.1,11.8,43.3,1.7,4.7,36.5,3.6,5.4,65.8,3.4,2.1,1.0,0.0,2.3,Yes,10.0,2012.0,Yes,10.0,2012.0
176,Wes Eikmeier,G,32,32.7,15.5,5.2,12.9,40.3,1.7,4.7,36.9,3.4,3.8,87.8,1.8,2.0,0.8,0.1,2.1,,,,,,
177,Taylor Braun,G,31,30.3,15.4,5.1,9.8,52.0,1.2,2.6,45.0,4.1,5.3,77.3,6.6,2.5,1.3,0.1,2.5,,,,,,
178,Ray McCallum,G,36,33.7,15.4,5.3,11.6,45.8,0.8,3.5,24.0,3.9,5.1,76.6,4.5,4.0,1.6,0.2,2.2,Yes,36.0,2013.0,,,
179,J.P. Primm,G,34,32.0,15.4,4.6,10.8,43.1,2.2,6.0,36.6,3.9,4.6,84.2,3.3,4.2,1.9,0.1,2.4,,,,,,
180,Markeith Cummings,F,30,34.8,15.4,5.4,11.9,45.3,0.7,2.2,31.8,3.9,6.1,64.3,5.3,2.1,1.1,0.6,2.9,,,,,,
180,Eric Ferguson,F,30,28.2,15.4,6.2,11.0,56.8,0.3,1.1,23.5,2.7,4.4,60.6,7.2,0.8,1.5,1.1,2.0,,,,,,
182,Earl Pettis,G,34,31.3,15.4,5.9,12.6,46.4,1.7,4.8,35.8,2.0,2.5,79.8,4.0,2.2,1.9,0.4,1.6,,,,,,
183,Chase Plummer,F,29,28.3,15.4,5.3,12.9,41.4,0.6,1.8,32.1,4.1,6.2,66.1,7.4,1.4,1.4,0.3,3.9,,,,,,
184,Kent Bazemore,G-F,35,31.5,15.4,5.3,13.1,40.7,1.5,4.5,32.1,3.3,5.2,63.2,6.1,3.1,2.1,0.3,3.2,,,,,,
185,Bo Spencer,G,30,32.5,15.4,5.1,12.4,41.0,2.1,6.2,34.1,3.1,3.5,87.6,2.6,3.3,1.3,0.1,3.0,,,,,,
185,Alshwan Hymes,G,30,35.4,15.4,5.6,14.4,39.0,2.8,8.6,32.7,1.4,1.9,73.2,3.2,1.7,1.2,0.1,2.7,,,,,,
187,Ben Averkamp,F,28,34.5,15.4,5.9,13.8,43.1,0.9,2.4,38.2,2.6,3.6,71.3,7.1,2.6,0.8,0.9,2.3,,,,,,
188,Kelvin Martin,F,31,32.9,15.4,6.0,10.3,58.8,0.1,0.3,25.0,3.2,5.4,60.2,9.1,1.7,2.1,1.6,2.3,,,,,,
189,Keith Rendleman,F,31,33.0,15.3,6.0,11.3,53.0,0.0,0.0,0.0,3.3,5.3,62.8,10.0,1.2,1.3,1.1,2.1,,,,,,
190,Maurice Harkless,G-F,34,36.1,15.3,5.9,13.3,44.5,0.5,2.5,20.2,3.0,4.4,67.8,8.6,1.4,1.6,1.4,2.4,Yes,15.0,2012.0,Yes,15.0,2012.0
191,Mike Liabo,G,30,31.5,15.3,5.2,14.9,34.8,2.3,7.4,30.5,2.6,3.2,80.4,4.0,2.6,0.6,0.1,2.8,,,,,,
192,BJ Young,G,32,25.2,15.3,5.5,11.0,50.4,1.6,3.8,41.3,2.6,3.5,74.3,3.1,2.3,1.2,0.3,2.3,,,,,,
193,Drew Viney,F,24,31.4,15.2,4.9,10.8,45.7,1.8,3.8,45.7,3.6,4.5,81.3,5.5,1.6,1.2,0.9,2.2,,,,,,
194,Matt Gatens,G,35,34.6,15.2,4.9,10.5,46.9,2.1,5.2,41.0,3.2,3.7,85.4,3.6,2.0,1.4,0.2,1.1,,,,,,
194,Brandon Davies,F,35,28.6,15.2,5.6,10.9,51.6,0.0,0.1,33.3,4.0,6.0,66.2,7.7,2.1,1.5,1.3,2.9,,,,,,
196,Allen Crabbe,G,34,34.1,15.2,5.3,12.2,43.1,2.4,6.1,39.9,2.2,2.6,84.3,5.7,2.1,0.5,0.6,1.6,Yes,31.0,2013.0,,,
197,Augustine Rubit,F,29,32.3,15.2,5.5,10.8,50.6,0.0,0.2,0.0,4.2,5.9,71.3,9.2,0.8,0.4,0.9,2.3,,,,,,
198,Miguel Paul,G,31,31.5,15.2,4.3,11.0,38.6,2.2,6.1,36.2,4.5,5.8,76.7,2.0,5.9,1.3,0.1,2.8,,,,,,
199,Herb Pope,F,33,31.4,15.1,5.8,12.4,47.1,0.5,1.5,35.4,2.9,4.7,61.5,10.4,1.5,1.1,1.7,2.6,,,,,,
200,Melquan Bolding,G,25,32.4,15.1,5.0,14.2,35.1,1.5,5.2,29.2,3.6,4.7,76.3,3.0,1.9,0.9,0.1,3.6,,,,,,
201,Mark Yelovich,F,26,28.8,15.1,5.6,12.0,46.9,0.7,2.1,31.5,3.2,4.8,67.7,6.2,1.2,1.0,0.5,2.1,,,,,,
202,Stephan Hicks,G,28,30.0,15.1,4.9,11.0,44.0,0.5,2.2,24.6,4.8,5.9,81.3,7.1,1.0,0.9,0.1,2.0,,,,,,
203,Antoine Mason,G,33,34.3,15.1,5.1,13.3,38.2,1.1,4.0,27.3,3.8,5.8,64.8,4.6,2.1,1.2,0.1,2.5,,,,,,
204,Mark Lyons,G,34,31.9,15.1,5.2,12.2,42.5,1.7,4.4,39.2,3.0,3.9,76.1,3.2,2.8,1.3,0.3,2.2,,,,,,
205,Rob Jones,F,33,33.6,15.0,5.9,12.6,46.7,1.0,3.7,27.6,2.2,3.5,64.3,10.8,2.3,1.6,0.6,2.2,,,,,,
206,O.D. Anosike,F,31,36.8,15.0,5.9,11.3,52.4,0.0,0.0,0.0,3.1,5.6,56.1,12.5,1.1,1.1,1.0,2.4,,,,,,
207,B.J. Monteiro,G-F,28,31.0,15.0,5.9,12.2,48.1,0.8,2.8,29.5,2.4,4.1,59.6,5.4,2.2,1.1,1.0,1.6,,,,,,
208,Ryan Broekhoff,F,34,32.6,14.9,4.7,9.6,49.1,1.9,5.0,39.1,3.5,4.4,79.5,8.5,2.3,1.3,0.6,1.7,,,,,,
209,Adam Sollazzo,G,31,34.9,14.9,5.0,11.6,42.9,0.4,1.4,29.5,4.6,6.9,66.0,5.5,4.4,1.6,0.1,3.1,,,,,,
209,Ricky Tarrant Jr,F,31,33.1,14.9,4.5,10.6,42.6,1.7,4.9,34.4,4.2,5.4,78.4,3.6,3.3,1.7,0.0,2.2,,,,,,
211,Adam Pegg,C,29,27.9,14.9,5.7,11.0,51.6,0.6,1.8,35.3,2.9,4.0,72.6,5.5,1.4,0.6,0.4,2.3,,,,,,
212,Humpty Hitchens,G,30,36.5,14.9,5.3,12.5,42.2,2.7,7.0,38.9,1.6,2.5,65.3,2.3,3.7,1.3,0.0,3.0,,,,,,
213,LaQuentin Miles,G,28,25.4,14.9,5.8,12.2,47.8,0.0,0.1,0.0,3.3,6.0,54.5,5.0,2.1,2.0,0.2,2.4,,,,,,
214,Brad Loesing,G,33,38.3,14.9,5.2,12.4,41.5,1.6,4.9,32.5,3.0,3.7,79.7,3.0,5.6,1.1,0.1,3.5,,,,,,
215,Chris Gradnigo,F,30,27.9,14.9,5.7,12.6,45.6,1.3,3.8,34.5,2.1,2.6,79.7,6.2,1.0,0.6,0.8,2.3,,,,,,
216,Robert Nyakundi,F,31,33.4,14.8,5.0,10.9,46.3,2.7,6.5,41.4,2.1,2.6,78.0,4.8,1.0,1.1,0.3,1.9,,,,,,
217,Trey Burke,G,34,36.1,14.8,5.2,12.0,43.3,1.7,4.8,34.8,2.7,3.7,74.4,3.5,4.6,0.9,0.4,2.8,Yes,9.0,2013.0,,,
218,Taylor Brown,F,28,31.3,14.8,5.1,12.1,42.0,0.9,2.8,32.5,3.8,4.6,81.4,6.4,1.6,1.0,0.5,2.3,,,,,,
219,Jordan Taylor,G,36,36.0,14.8,4.6,11.5,40.2,1.8,4.9,36.9,3.8,4.8,78.5,3.8,4.1,1.0,0.0,1.6,,,,,,
220,Deonte Burton,G,35,32.9,14.8,4.2,10.5,40.2,1.7,4.5,37.2,4.7,5.9,79.7,2.6,4.2,1.1,0.4,2.0,,,,,,
221,Kevin Giltner,G,33,38.0,14.8,5.0,12.6,39.7,2.6,7.3,35.7,2.2,2.7,78.9,4.2,1.8,0.9,0.2,2.0,,,,,,
222,Bradley Beal,G,37,34.2,14.8,4.7,10.6,44.5,1.7,5.0,33.9,3.6,4.7,76.9,6.7,2.2,1.4,0.8,2.1,Yes,3.0,2012.0,Yes,3.0,2012.0
223,Tony Mitchell,F,23,29.4,14.7,5.1,9.0,56.7,0.8,1.8,43.9,3.7,5.0,73.9,10.3,1.6,0.9,3.0,2.8,Yes,37.0,2013.0,,,
224,D.J. Cooper,G,37,32.4,14.7,4.4,12.6,34.8,2.0,6.6,30.7,3.9,5.3,74.5,3.7,5.7,2.3,0.1,2.8,,,,,,
225,Tyler Stone,F,31,29.6,14.7,6.2,11.7,53.0,0.3,0.7,34.8,2.0,3.2,62.0,7.3,0.8,0.7,1.1,1.5,,,,,,
225,Javon McCrea,F,31,25.3,14.7,6.1,10.7,57.2,0.0,0.0,0.0,2.5,4.4,55.9,6.9,1.9,1.0,1.2,2.2,,,,,,
227,C.J. Leslie,F,34,29.0,14.7,5.6,10.8,52.5,0.1,0.4,28.6,3.3,5.5,59.6,7.3,1.1,1.1,1.6,2.3,,,,,,
228,Jarrod Jones,F,30,31.2,14.7,5.4,11.1,48.2,0.4,1.2,37.1,3.5,4.6,76.8,8.7,0.8,0.7,0.8,1.7,,,,,,
228,Jonathon Simmons,F,30,30.1,14.7,5.1,10.0,51.2,1.1,2.8,38.6,3.4,4.7,71.6,5.0,2.2,0.7,0.4,3.3,,,,,,
230,Kenny McGowen,G,30,29.5,14.7,4.5,12.0,37.9,2.2,6.9,32.5,3.4,4.3,78.3,1.4,2.2,0.9,0.1,2.4,,,,,,
231,Damier Pitts,G,35,34.0,14.7,5.1,12.4,41.6,2.1,6.1,34.0,2.3,3.3,71.1,2.4,4.3,1.0,0.1,3.2,,,,,,
232,Brandon Paul,G,32,33.4,14.7,4.5,11.6,39.2,1.7,5.1,33.3,3.9,5.4,72.7,4.7,2.9,1.4,0.8,3.4,,,,,,
233,Kelsey Howard,G,31,32.2,14.6,4.9,12.6,38.7,1.5,4.6,31.9,3.4,4.5,76.3,4.1,0.9,1.0,0.1,2.5,,,,,,
234,Christian Kabongo,G,11,29.0,14.6,4.0,10.6,37.6,0.9,3.3,27.8,5.7,7.0,81.8,3.4,3.5,1.3,0.2,4.2,,,,,,
235,Ray Willis,G,32,32.4,14.6,4.3,9.9,43.2,0.8,2.4,31.6,5.3,6.7,79.4,5.6,2.7,1.3,0.7,3.4,,,,,,
236,Ashton Gibbs,G,37,34.3,14.6,4.9,12.9,38.2,2.2,6.4,34.5,2.5,3.0,85.5,2.3,2.1,0.5,0.1,1.6,,,,,,
237,LaRon Dendy,F,34,27.6,14.6,5.1,9.7,53.0,0.4,1.1,30.8,4.0,6.9,57.4,7.1,2.1,0.6,1.4,2.4,,,,,,
238,Devin Brown,G,29,30.3,14.6,4.7,10.7,43.9,1.9,5.1,37.2,3.3,4.4,75.0,2.4,1.3,0.8,0.1,2.6,,,,,,
239,Latif Rivers,G,31,30.4,14.6,4.6,11.3,40.7,1.9,5.4,35.1,3.5,3.9,88.4,2.6,2.2,0.7,0.4,2.2,,,,,,
240,Nathaniel Lester,G-F,32,32.4,14.6,4.8,12.0,39.7,0.6,2.3,26.0,4.4,5.7,77.0,6.5,1.0,1.3,0.5,1.8,,,,,,
240,Darien Brothers,G,32,30.3,14.6,4.6,10.8,42.3,2.1,5.7,37.6,3.3,3.7,89.1,2.9,1.7,0.9,0.1,1.4,,,,,,
242,Tim Hardaway Jr,G,34,34.2,14.6,4.9,11.8,41.7,1.6,5.5,28.3,3.2,4.4,71.5,3.8,2.1,0.5,0.3,1.9,,,,,,
243,Jonathan Lee,G,31,35.1,14.5,4.9,10.3,47.2,1.6,3.9,41.7,3.2,4.1,78.6,3.8,3.5,1.5,0.1,3.1,,,,,,
243,Brandon Young,G,31,30.5,14.5,5.2,12.4,42.3,1.2,4.1,28.1,2.9,3.8,76.5,2.6,4.7,1.6,0.1,2.4,,,,,,
245,Keith Clanton,F,33,32.9,14.5,5.3,11.6,46.1,1.2,3.5,33.6,2.7,4.6,58.6,8.1,1.8,1.0,1.8,2.4,,,,,,
246,Parker Smith,G,32,27.4,14.5,4.5,10.3,43.5,3.0,7.3,41.0,2.6,3.1,83.8,2.4,1.0,0.7,0.1,1.8,,,,,,
247,Faisal Aden,G,17,24.1,14.5,5.5,11.6,47.0,1.1,3.3,33.9,2.5,2.8,89.4,3.1,1.4,1.3,0.1,2.8,,,,,,
248,Scott Bamforth,G,31,32.1,14.5,4.3,9.8,43.9,2.5,6.2,40.1,3.4,3.9,87.5,3.6,2.4,0.9,0.0,1.8,,,,,,
249,Anthony Miles,G,35,31.9,14.5,4.3,9.8,43.6,0.8,2.3,36.7,5.2,6.3,81.5,4.6,4.1,1.7,0.0,2.3,,,,,,
250,William Buford,G,39,33.8,14.5,5.3,12.5,41.9,1.6,4.4,35.8,2.4,2.9,83.2,5.0,2.7,0.8,0.2,2.2,,,,,,
251,Ryan Sypkens,G,4,33.0,14.5,5.0,13.5,37.0,3.5,9.3,37.8,1.0,1.5,66.7,5.0,2.5,1.3,0.0,2.5,,,,,,
252,Kim English,G,35,33.6,14.5,4.9,9.4,52.1,2.2,4.9,45.9,2.5,3.4,72.5,4.2,1.6,1.3,0.3,1.7,Yes,44.0,2012.0,Yes,44.0,2012.0
253,Jack Isenbarger,G,29,29.4,14.5,4.6,10.3,44.5,2.5,6.3,39.9,2.8,3.2,87.1,3.4,2.7,0.8,0.0,1.8,,,,,,
254,Brian Stafford,G,31,33.4,14.5,4.7,9.5,49.8,2.4,5.3,45.7,2.6,3.2,81.8,1.8,2.1,1.1,0.2,1.3,,,,,,
254,Chris Udofia,F,31,29.9,14.5,5.3,10.0,53.4,0.7,2.3,29.2,3.1,4.3,72.4,5.2,2.6,0.7,2.3,2.4,,,,,,
256,Drew Windler,F,30,26.1,14.4,4.7,9.4,49.5,1.9,4.5,42.6,3.1,4.2,75.2,3.8,1.3,0.5,0.4,2.4,,,,,,
257,Ryan Willen,F,31,28.7,14.4,4.2,9.4,44.3,1.0,2.7,35.7,5.1,6.3,81.4,5.3,1.8,1.0,0.3,2.0,,,,,,
258,Chavaughn Lewis,F,32,29.5,14.4,4.7,10.9,43.1,0.8,2.5,32.9,4.2,6.5,64.4,4.7,1.8,1.7,0.8,3.0,,,,,,
259,Jake Cohen,F,33,24.8,14.3,4.6,9.4,48.7,0.9,2.5,36.6,4.3,4.9,87.6,6.1,1.4,0.7,1.7,2.1,,,,,,
260,Vald√©licio Joaquim,C,32,30.6,14.3,5.4,9.6,56.0,0.0,0.0,0.0,3.6,5.6,63.3,9.5,1.0,0.7,1.8,2.0,,,,,,
261,Bryce Cotton,G,32,38.6,14.3,4.5,11.0,41.3,2.4,6.3,37.9,2.8,3.2,89.1,2.5,2.3,1.0,0.2,1.6,,,,,,
261,LaDontae Henton,F,32,37.2,14.3,5.3,11.6,45.4,1.4,3.5,39.3,2.4,3.4,70.6,8.6,1.1,1.0,1.0,1.7,,,,,,
263,Sean Kilpatrick,G,37,34.5,14.3,5.0,11.7,42.8,2.5,6.6,37.6,1.8,2.4,75.0,4.6,2.1,1.3,0.3,1.5,,,,,,
264,Angelo Caloiaro,F,34,30.8,14.2,4.3,8.8,49.0,1.6,4.2,39.2,3.9,5.0,79.3,6.0,2.4,1.6,0.2,1.7,,,,,,
265,CJ Wilcox,G,32,28.5,14.2,4.8,10.9,43.7,2.3,5.7,40.3,2.4,2.9,83.9,3.4,1.2,0.9,0.6,1.3,,,,,,
266,Gerald Robinson,G,32,30.6,14.2,5.0,11.5,43.3,0.8,2.2,36.6,3.4,4.3,79.7,3.8,3.6,1.3,0.1,2.5,,,,,,
267,Anthony Davis,F,40,32.0,14.2,5.3,8.4,62.3,0.1,0.5,15.0,3.6,5.1,70.9,10.4,1.3,1.4,4.7,1.0,Yes,1.0,2012.0,Yes,1.0,2012.0
268,Malik Story,G,35,31.1,14.1,4.7,11.0,43.2,2.7,6.5,41.6,2.0,2.7,72.6,2.8,2.3,0.7,0.3,2.0,,,,,,
269,Ramon Galloway,G,31,33.3,14.1,5.0,10.9,45.7,2.2,5.0,44.2,2.0,2.5,78.5,4.6,3.5,1.5,0.3,3.0,,,,,,
269,Jackson Stevenett,F,31,32.5,14.1,5.4,10.5,51.2,0.3,0.9,33.3,3.1,4.1,75.8,5.7,1.5,0.7,0.7,2.1,,,,,,
271,Julius Mays,G,30,33.4,14.1,4.2,9.9,42.8,1.7,3.9,42.4,4.0,4.8,83.2,2.8,2.5,1.4,0.1,2.1,,,,,,
272,Kevin Van Wijk,F,31,23.7,14.1,4.9,8.0,61.7,0.0,0.0,0.0,4.2,6.5,65.2,5.2,0.6,0.6,0.7,2.4,,,,,,
273,Chehales Tapscott,F,32,31.8,14.1,4.8,9.2,52.6,0.4,1.4,31.1,4.0,5.5,73.7,9.3,1.8,1.8,1.3,2.4,,,,,,
274,Kenderek Washington,G-F,16,30.6,14.1,5.1,11.4,45.1,2.0,5.4,37.2,1.8,2.9,61.7,4.7,1.1,1.6,0.4,1.8,,,,,,
275,Chris Jones,G,19,29.4,14.1,5.1,11.7,43.7,0.9,3.4,28.1,2.9,3.7,77.5,4.7,4.3,2.4,0.2,3.7,,,,,,
276,Greg Gantt,G,27,27.0,14.0,5.2,12.0,43.3,2.2,5.8,38.2,1.4,1.9,78.0,3.3,0.8,0.8,0.1,1.1,,,,,,
277,Scott Eatherton,F,29,28.7,14.0,5.6,9.1,61.4,0.2,0.7,31.6,2.7,3.6,73.3,7.0,1.0,0.9,1.2,2.4,,,,,,
278,Zane Johnson,G,29,34.3,14.0,4.3,11.6,37.1,2.8,7.8,36.1,2.6,3.0,84.1,3.2,1.8,0.8,0.1,2.2,,,,,,
278,Tim Abromaitis,F,2,38.0,14.0,5.0,15.0,33.3,0.0,5.5,0.0,4.0,4.5,88.9,7.0,2.5,0.5,0.0,3.0,,,,,,
278,Trevor Mbakwe,F,7,28.7,14.0,4.1,6.9,60.4,0.0,0.0,0.0,5.7,7.9,72.7,9.1,1.4,1.1,1.7,3.1,,,,,,
278,Noruwa Agho,G,2,33.0,14.0,5.5,20.5,26.8,2.5,7.0,35.7,0.5,1.5,33.3,4.0,3.5,1.0,0.0,3.0,,,,,,
278,Justin Greene,F,32,30.5,14.0,5.1,10.3,49.4,0.0,0.0,0.0,3.9,5.3,72.5,6.8,1.5,1.2,0.8,3.2,,,,,,
278,Jason Clark,G,33,32.6,14.0,4.8,10.1,47.6,1.5,4.5,32.2,2.9,3.9,75.0,4.1,1.8,1.6,0.3,2.3,,,,,,
278,Mike Moser,F,35,31.4,14.0,5.3,11.7,45.0,1.3,3.8,33.1,2.2,2.9,78.0,10.5,2.3,1.9,1.0,2.9,,,,,,
278,Robert Mansell,G,28,32.6,14.0,4.5,11.4,39.6,0.9,2.9,30.5,4.1,5.3,77.7,3.3,1.5,0.9,0.2,2.7,,,,,,
286,Michael Snaer,G,35,30.4,14.0,4.8,10.9,43.6,1.9,4.7,40.4,2.5,3.0,84.6,3.8,1.9,1.1,0.4,2.1,,,,,,
287,Donte Poole,G,33,31.0,14.0,4.2,9.5,44.1,2.1,5.5,37.6,3.5,4.1,85.8,3.6,1.5,1.9,0.2,1.8,,,,,,
288,JaMychal Green,F,26,29.2,14.0,5.2,9.6,54.6,0.1,0.4,20.0,3.4,5.0,69.0,7.4,1.8,0.7,1.5,2.7,,,,,,
289,Jackie Carmichael,F,35,29.1,13.9,4.8,9.0,53.3,0.1,0.1,50.0,4.3,6.0,71.4,9.7,1.0,0.6,1.4,2.2,,,,,,
290,Collin Chiverton,F,32,22.1,13.9,4.6,12.5,36.7,2.8,6.8,40.6,2.0,2.5,79.0,2.1,0.5,0.8,0.4,1.0,,,,,,
290,Raheem Appleby,G,32,27.9,13.9,5.4,11.5,47.0,1.3,3.1,40.0,1.9,2.6,71.4,2.4,1.2,1.1,0.1,1.4,,,,,,
292,Jeremy Allen,G,29,32.5,13.9,4.5,11.3,39.8,1.8,4.8,37.4,3.1,3.7,84.1,3.4,1.2,2.7,0.1,1.8,,,,,,
292,Trey Freeman,G,29,32.0,13.9,4.9,11.3,43.7,0.6,1.7,35.4,3.5,4.0,87.1,3.1,3.8,1.1,0.1,2.4,,,,,,
294,Harouna Mutombo,G,35,29.9,13.9,4.9,11.6,42.6,0.7,2.4,28.2,3.3,5.5,61.3,5.9,1.9,1.4,0.3,2.2,,,,,,
294,Ricardo Ratliffe,F,35,26.2,13.9,6.0,8.7,69.3,0.0,0.0,0.0,1.9,2.8,69.1,7.5,0.6,0.6,1.0,1.6,,,,,,
296,Brian Conklin,F,34,29.4,13.9,4.6,8.9,52.1,0.0,0.1,50.0,4.6,5.7,80.0,4.6,1.2,0.7,0.3,2.1,,,,,,
297,Justin Edwards,G,29,31.2,13.9,5.1,12.1,42.5,0.6,2.2,26.2,3.0,4.0,75.7,5.6,3.3,1.4,0.6,3.0,,,,,,
298,Chasson Randle,G,37,30.5,13.8,4.6,10.4,43.9,2.3,5.2,43.8,2.4,3.2,76.1,3.2,2.1,1.1,0.1,2.2,,,,,,
299,Evan Roquemore,G,30,33.5,13.8,4.0,11.5,34.4,1.9,5.5,34.3,4.0,5.0,79.5,3.1,5.3,0.9,0.3,2.8,,,,,,
300,Olek Czyz,F,35,28.4,13.8,5.1,9.5,54.1,0.5,1.5,29.6,3.1,4.9,62.8,6.5,0.9,0.7,0.3,2.4,,,,,,
301,Logan Aronhalt,G,30,31.4,13.8,4.6,11.4,40.2,2.0,5.6,35.5,2.7,3.0,88.9,4.3,1.0,0.7,0.6,1.9,,,,,,
302,Eli Carter,G,32,29.8,13.8,4.8,11.7,40.9,1.7,4.9,35.3,2.5,3.6,69.6,3.1,2.1,1.3,0.1,2.8,,,,,,
303,Alec Brown,F,30,31.3,13.8,5.1,11.3,45.6,0.1,0.6,21.1,3.4,4.4,77.1,8.2,0.8,0.9,3.0,2.0,Yes,50.0,2014.0,,,
304,Kerron Johnson,G,34,28.6,13.8,4.3,8.2,51.8,0.7,2.3,30.8,4.5,5.9,76.6,3.1,5.2,1.4,0.0,2.4,,,,,,
305,Pierre Deshawn Jackson,C,38,30.8,13.8,4.6,9.9,46.0,1.8,4.4,40.8,2.8,3.4,82.2,2.9,5.9,1.8,0.1,3.5,,,,,,
306,Douglas Davis,G,32,33.0,13.8,4.8,11.4,42.5,2.6,6.2,41.9,1.5,1.8,82.5,1.9,1.4,1.2,0.3,1.3,,,,,,
307,Drew Gordon,F,35,30.8,13.7,5.4,9.9,54.2,0.1,0.1,100.0,2.9,3.9,75.2,11.1,1.2,1.1,1.0,2.3,,,,,,
308,Johnny Dee,G,31,29.6,13.7,4.6,10.7,43.2,2.5,6.0,42.2,2.0,2.3,85.9,1.8,1.2,0.7,0.0,1.5,,,,,,
309,Tyler Brown,G,34,31.0,13.7,4.5,9.9,45.4,2.3,5.1,45.4,2.4,3.1,78.8,3.8,2.3,1.0,0.1,2.5,,,,,,
310,Doron Lamb,G,40,31.2,13.7,4.4,9.2,47.4,1.9,4.1,46.6,3.1,3.7,82.6,2.7,1.5,0.5,0.1,1.1,Yes,42.0,2012.0,Yes,42.0,2012.0
311,Khalid Mutakabbir,G,29,36.4,13.7,5.1,11.6,43.9,1.1,3.8,29.7,2.4,3.2,75.5,3.1,2.0,1.1,0.2,2.2,,,,,,
311,Julian Norfleet,G,29,36.4,13.7,5.0,12.4,40.2,2.4,6.4,37.3,1.3,1.9,69.6,4.2,2.3,1.0,0.3,2.7,,,,,,
313,Frantz Massenat,G,36,35.8,13.7,4.1,9.5,42.9,1.5,3.3,45.0,4.1,5.2,78.1,3.1,4.8,0.9,0.4,2.1,,,,,,
314,Myles Taylor,F,28,24.4,13.7,4.6,9.3,49.0,0.1,0.6,18.8,4.5,6.0,74.9,5.2,0.8,0.7,0.8,1.7,,,,,,
315,Marcus Jordan,G,31,35.9,13.7,4.2,11.4,37.0,1.7,5.5,30.8,3.6,5.0,71.6,2.7,2.4,0.6,0.0,1.9,,,,,,
315,Adam Terrell Smith,G,31,30.3,13.7,4.8,12.8,37.9,1.9,5.6,33.1,2.2,2.6,81.7,3.2,1.6,0.5,0.0,1.5,,,,,,
317,Terence Jones,G,30,30.9,13.7,4.3,11.7,36.6,2.3,6.3,36.0,2.8,3.9,72.6,3.0,1.8,0.7,0.2,2.9,,,,,,
318,Erik Etherly,F,33,31.2,13.7,5.1,9.6,53.0,0.1,0.3,27.3,3.4,4.9,69.8,7.5,1.9,1.1,1.5,2.4,,,,,,
319,Keala King,G,13,32.6,13.7,4.6,8.9,51.7,0.9,2.4,38.7,3.5,5.2,67.6,4.9,3.3,1.5,0.1,3.9,,,,,,
320,John Henson,F,35,29.1,13.7,5.9,11.7,50.0,0.0,0.0,0.0,2.0,3.9,51.1,9.9,1.3,0.6,2.9,1.3,Yes,14.0,2012.0,Yes,14.0,2012.0
321,Larry Anderson,G,31,34.1,13.7,4.3,8.8,48.9,1.5,3.5,41.7,3.6,5.3,69.3,4.9,3.0,1.8,0.3,2.1,,,,,,
322,Joston Thomas,F,32,24.3,13.7,5.2,9.8,52.7,0.0,0.4,8.3,3.3,5.0,65.0,5.3,1.3,0.5,0.4,2.4,,,,,,
323,Elston Turner Jr,C,33,33.7,13.6,4.6,11.4,40.6,2.2,5.6,38.9,2.2,2.8,79.1,3.6,2.2,1.0,0.2,2.1,,,,,,
323,Kevin Pangos,G,33,31.6,13.6,4.2,9.6,43.1,2.4,6.0,40.1,2.9,3.5,85.1,2.7,3.4,1.2,0.1,1.8,,,,,,
325,Scott Machado,G,33,35.5,13.6,4.7,9.5,49.5,1.2,3.0,40.4,3.0,3.7,81.1,4.9,9.9,1.6,0.2,3.3,,,,,,
326,Jeremy Robinson,F,30,29.7,13.6,5.4,11.8,45.5,0.7,2.4,28.8,2.2,3.3,66.3,7.5,1.1,0.9,1.5,3.0,,,,,,
327,A'uston Calhoun,F,32,28.9,13.6,5.5,11.3,48.5,0.2,0.7,23.8,2.4,3.4,70.9,5.9,0.7,0.5,0.4,1.8,,,,,,
327,Kareem Jamar,G,32,34.9,13.6,4.6,9.7,47.6,1.5,3.5,44.1,2.9,4.2,68.1,5.6,3.7,1.1,0.6,2.2,,,,,,
329,Trae Golden,G,34,32.0,13.6,4.1,9.4,43.9,1.5,3.8,38.8,3.8,4.6,82.8,3.0,4.5,0.8,0.1,2.9,,,,,,
330,Kendall Timmons,G-F,16,31.6,13.6,4.8,10.2,46.6,0.6,1.2,47.4,3.5,4.9,71.8,5.2,2.1,1.2,1.3,2.4,,,,,,
330,Devin Price,G,32,33.9,13.6,4.3,11.0,38.9,1.9,5.3,35.3,3.1,3.9,80.0,2.8,2.2,1.1,0.0,2.1,,,,,,
330,Meyers Leonard,C,32,31.8,13.6,5.3,9.1,58.4,0.0,0.3,9.1,2.9,4.0,73.2,8.2,1.3,0.5,1.9,2.1,Yes,11.0,2012.0,Yes,11.0,2012.0
333,E.J. Singler,F,34,30.8,13.6,4.4,9.5,46.7,1.4,3.9,36.8,3.2,3.6,90.9,5.6,2.2,0.6,0.4,1.9,,,,,,
334,Saah Nimley,G,31,31.3,13.5,4.1,11.5,35.2,2.0,5.9,33.7,3.4,4.7,72.1,2.8,3.9,0.7,0.1,2.6,,,,,,
335,Jeremiah Bowman,G,22,35.3,13.5,4.6,9.7,47.7,0.4,1.6,25.7,3.9,5.6,69.1,3.5,6.0,1.5,0.0,2.7,,,,,,
335,Lazeric Jones,G,33,33.5,13.5,4.8,11.0,43.1,1.5,3.8,37.8,2.6,3.5,73.9,3.5,4.1,1.8,0.2,2.6,,,,,,
337,Michael Dixon Jr,G,35,26.7,13.5,4.4,9.0,48.7,1.4,3.9,36.8,3.3,3.8,87.9,1.8,3.3,1.2,0.1,1.6,,,,,,
338,Kannon Burrage,G,32,24.8,13.5,4.2,9.7,43.4,1.3,3.5,38.7,3.8,4.8,78.9,3.3,1.3,1.0,0.0,1.7,,,,,,
339,Alvin Abreu,G,29,35.7,13.5,4.9,12.4,39.6,1.9,5.2,35.5,1.9,2.7,69.2,3.6,1.6,1.0,0.1,2.5,,,,,,
339,Chris Perez,C,29,31.1,13.5,5.1,11.2,45.5,1.1,3.4,32.3,2.2,3.5,62.7,4.5,1.7,1.1,0.0,2.0,,,,,,
339,Phil Taylor,G,29,31.1,13.5,4.1,10.6,38.8,2.1,5.4,39.7,3.2,4.0,79.3,2.0,3.0,1.0,0.0,2.7,,,,,,
339,Sean McGonagill,G,29,36.0,13.5,4.3,12.1,36.0,1.9,5.4,35.4,2.9,3.9,74.3,4.3,5.4,1.2,0.0,3.6,,,,,,
343,Darrius Morrow,F,31,31.7,13.5,5.2,9.5,54.2,0.0,0.0,0.0,3.2,4.7,67.3,5.9,1.5,0.9,1.1,2.3,,,,,,
344,Ben Dickinson,F,30,31.5,13.5,5.0,12.3,40.9,0.4,1.7,21.6,3.1,4.6,67.2,6.1,2.5,0.6,0.6,3.1,,,,,,
345,Trey Sumler,G,35,36.3,13.5,4.3,10.2,42.0,1.4,3.6,38.6,3.5,4.2,83.1,4.9,4.1,1.4,0.1,3.3,,,,,,
346,Perry Jones,F,33,30.7,13.5,5.5,11.0,50.0,0.3,1.0,30.3,2.2,3.1,69.6,7.6,1.3,0.8,0.6,1.7,Yes,28.0,2012.0,Yes,28.0,2012.0
347,Sean Johnson,G,31,25.9,13.5,4.4,10.3,42.9,1.4,3.7,36.8,3.3,4.3,76.7,3.2,1.4,0.8,0.3,1.8,,,,,,
348,Kyle Fogg,G,36,32.1,13.5,4.0,9.5,41.8,2.1,4.7,44.4,3.4,4.3,79.5,3.7,2.3,1.1,0.4,1.8,,,,,,
349,Isiah Umipig,G,30,33.6,13.5,4.5,10.5,43.3,2.7,6.8,39.2,1.7,2.0,86.7,2.7,2.3,0.8,0.0,1.9,,,,,,
350,Casey Cantey,G-F,28,25.5,13.5,4.5,10.8,41.6,1.0,3.6,27.7,3.5,4.8,71.9,3.4,1.6,1.4,0.6,3.4,,,,,,
351,Hank Thorns,G,33,34.0,13.5,4.2,11.2,37.8,2.2,5.7,39.2,2.7,3.6,75.0,2.8,4.6,1.3,0.0,3.2,,,,,,
352,Bradford Burgess,G-F,36,32.3,13.4,3.9,10.8,36.5,2.3,6.1,36.7,3.3,4.2,79.3,5.0,1.6,1.1,0.3,1.3,,,,,,
353,Mike Black,G,34,33.0,13.4,4.6,10.3,44.6,1.5,4.2,35.7,2.8,3.7,75.2,2.8,4.3,1.1,0.0,2.6,,,,,,
354,Jonathon Williams,F,30,24.5,13.4,4.9,9.2,53.4,0.7,2.3,31.4,2.8,3.8,74.6,5.0,0.9,0.6,0.3,2.0,,,,,,
355,Spencer Dixon,G,31,37.0,13.4,4.6,13.2,34.8,2.4,6.9,34.4,1.9,2.6,72.5,2.8,3.8,1.5,0.1,3.0,,,,,,
355,Tristan Carey,G,31,31.6,13.4,5.2,11.8,43.9,1.8,5.0,35.3,1.3,1.9,66.1,5.1,3.4,1.0,0.7,2.3,,,,,,
357,Royce White,F,34,31.5,13.4,5.1,9.6,53.4,0.1,0.4,33.3,3.0,6.0,49.8,9.3,5.0,1.2,0.9,3.8,Yes,16.0,2012.0,Yes,16.0,2012.0
358,Joe Ragland,G,32,27.4,13.4,4.7,8.3,56.8,1.8,3.7,50.4,2.2,2.7,81.4,2.9,3.3,0.9,0.1,1.9,,,,,,
359,Kris Joseph,F,37,32.2,13.4,4.4,10.5,42.1,1.4,4.0,34.5,3.2,4.2,74.5,4.7,1.5,1.4,0.6,1.5,Yes,51.0,2012.0,Yes,51.0,2012.0
360,Jeff Jones,G,30,28.2,13.4,4.1,8.9,45.9,2.0,5.1,39.6,3.2,4.2,75.4,2.6,1.0,0.9,0.3,1.1,,,,,,
361,Evan Hymes,G,31,36.9,13.4,4.3,11.2,38.2,2.0,5.5,36.1,2.9,3.7,78.3,1.6,3.7,1.2,0.1,3.4,,,,,,
362,Dylon Cormier,G,32,31.0,13.4,4.5,9.7,46.1,1.1,3.2,33.3,3.4,5.0,67.5,3.3,1.8,1.6,0.2,1.7,,,,,,
363,Paul Crosby,C,35,33.2,13.4,4.5,11.4,39.8,1.1,3.6,29.4,3.2,4.4,73.4,7.3,1.6,1.5,0.8,2.5,,,,,,
364,Brandon Provost,G,30,32.7,13.4,3.9,8.7,44.8,2.4,5.1,47.4,3.1,3.8,81.7,3.5,2.1,0.9,0.4,2.0,,,,,,
365,Kevin Dillard,G,33,32.7,13.3,4.3,10.5,41.2,1.2,3.6,32.5,3.5,4.2,82.7,2.7,6.0,1.4,0.4,2.8,,,,,,
365,Frankie Dobbs,G,30,38.0,13.3,3.6,10.4,34.9,2.3,7.0,33.2,3.7,4.6,81.8,3.5,4.6,0.9,0.1,2.7,,,,,,
365,Terrance Hill,G,15,29.1,13.3,4.4,10.9,40.5,2.0,5.3,38.0,2.5,3.0,84.4,2.1,2.3,1.3,0.1,2.3,,,,,,
368,Mamadou Seck,F,31,31.4,13.3,5.1,10.6,48.2,0.0,0.1,0.0,3.1,3.9,80.2,7.9,2.6,1.0,0.5,2.0,,,,,,
369,Ceola Clark,G,32,37.4,13.3,4.3,9.5,44.9,2.7,5.8,46.2,2.1,2.8,73.3,3.6,4.7,1.6,0.1,1.7,,,,,,
369,Darrell Lampley,G,32,31.6,13.3,4.2,11.7,36.1,1.4,4.8,30.3,3.4,4.1,84.6,2.1,3.3,1.2,0.1,2.9,,,,,,
369,Shamir Davis,G,32,29.0,13.3,4.3,9.5,45.5,0.7,2.1,31.3,4.0,5.6,72.1,2.4,3.1,1.3,0.1,2.7,,,,,,
372,Omar Strong,G,33,30.7,13.3,4.1,10.5,38.9,3.1,7.9,38.9,2.0,2.4,85.9,2.4,1.6,1.0,0.1,2.1,,,,,,
373,Matt Staff,F,30,25.3,13.3,5.3,10.0,52.5,0.8,1.9,42.9,2.0,2.5,78.7,7.9,1.6,0.5,1.4,2.0,,,,,,
373,Alandise Harris,F,30,29.8,13.3,4.8,9.3,51.8,0.4,0.8,44.0,3.3,5.0,66.2,6.4,1.2,0.7,1.3,2.0,,,,,,
375,Andre Young,G,31,34.5,13.3,4.4,10.6,41.6,2.1,6.1,34.7,2.3,2.8,82.8,2.7,3.1,1.7,0.0,1.3,,,,,,
376,Le'Bryan Nash,F,28,30.1,13.3,4.6,11.6,39.4,0.6,2.4,23.5,3.6,4.9,73.0,5.0,1.5,0.6,0.4,2.6,,,,,,
377,Glenn Andrews,G,18,24.6,13.3,4.1,13.3,30.4,2.8,9.3,29.9,2.4,3.1,76.8,2.8,1.0,1.2,0.2,1.8,,,,,,
378,Casey Walker,G,29,37.4,13.3,4.7,11.4,40.9,2.6,7.1,36.9,1.3,1.9,72.2,3.8,0.8,0.9,0.5,1.1,,,,,,
379,Kyle Downey,G,31,37.8,13.3,5.0,12.1,41.2,0.9,3.1,27.8,2.4,2.8,84.1,4.9,3.1,1.3,0.2,3.0,,,,,,
380,Chase Simon,G,36,33.6,13.3,4.3,11.6,37.0,1.4,4.4,31.0,3.3,4.3,76.6,4.4,2.4,1.1,0.2,2.7,,,,,,
380,Garrett Stutz,C,32,24.6,13.3,5.0,9.3,54.2,0.3,1.0,30.3,2.9,3.5,82.1,8.0,1.1,0.4,1.0,2.1,,,,,,
382,Tyreek Duren,G,34,35.0,13.2,4.6,9.6,47.4,1.1,2.9,39.2,3.0,3.7,81.0,3.4,4.0,1.7,0.2,2.4,,,,,,
383,Brian Williams,G,33,35.4,13.2,5.0,12.4,40.4,1.7,5.1,34.1,1.5,2.3,63.6,2.8,3.1,1.3,0.2,1.8,,,,,,
384,Seth Curry,G,34,30.2,13.2,4.1,9.9,42.0,1.9,4.9,38.3,3.0,3.5,87.3,2.6,2.4,1.3,0.2,2.0,,,,,,
385,Wil Carter,F,31,31.6,13.2,5.0,9.8,51.2,0.0,0.1,33.3,3.2,4.2,74.8,8.6,0.9,0.4,0.1,1.6,,,,,,
386,Bryan Dougher,G,32,29.8,13.2,4.3,11.9,36.1,2.8,7.7,36.2,1.8,2.3,78.7,2.5,1.6,0.9,0.1,1.3,,,,,,
386,Kentavious Caldwell-Pope,G,32,32.1,13.2,4.8,12.0,39.6,2.0,6.7,30.4,1.7,2.5,65.4,5.2,1.2,1.8,0.3,1.1,Yes,8.0,2013.0,,,
388,Gerard Coleman,G,30,34.0,13.2,4.7,11.0,42.3,0.2,0.7,23.8,3.7,5.5,67.1,5.0,2.1,1.1,0.2,2.2,,,,,,
389,Derick Beltran,G,31,31.2,13.2,4.2,10.7,39.5,1.3,4.1,30.7,3.5,4.3,79.9,3.5,1.6,0.9,0.4,2.2,,,,,,
389,D'Andre Williams,G,31,34.3,13.2,4.5,11.2,40.5,1.1,3.1,35.8,3.0,3.9,75.4,3.9,3.9,1.7,0.1,2.7,,,,,,
391,Khris Middleton,F,20,28.8,13.2,5.1,12.3,41.5,1.0,3.9,26.0,2.0,2.6,75.0,5.0,2.3,1.0,0.3,2.2,Yes,39.0,2012.0,Yes,39.0,2012.0
392,Devon Collier,F,36,26.8,13.1,4.9,7.9,61.5,0.0,0.0,0.0,3.4,5.3,63.0,5.2,1.8,1.0,1.3,1.4,,,,,,
393,Tony Mitchell,F,22,31.1,13.1,5.3,11.8,45.0,1.0,3.4,31.1,1.5,2.4,61.5,7.0,1.8,1.0,1.4,1.9,Yes,37.0,2013.0,,,
394,Keith Shamburger,G,30,35.2,13.1,3.8,11.3,33.7,1.7,5.6,30.4,3.8,5.0,77.2,2.9,5.2,1.3,0.0,2.1,,,,,,
395,Troy Huff,G,32,28.3,13.1,4.7,11.8,39.5,0.7,3.7,19.5,3.1,4.9,62.7,5.9,2.0,1.6,0.5,2.4,,,,,,
396,Elias Harris,F,33,29.1,13.1,4.9,9.8,50.2,0.9,2.1,41.4,2.4,3.5,67.2,8.5,1.2,0.9,0.8,1.8,,,,,,
397,Dorian Green,G,32,33.6,13.1,4.1,8.6,48.2,1.6,3.8,42.6,3.2,3.9,83.1,3.5,2.4,0.8,0.1,1.8,,,,,,
398,Tony Taylor,G,31,34.4,13.1,4.4,11.0,39.9,1.0,3.0,33.3,3.3,4.2,77.9,2.5,4.3,1.4,0.1,2.8,,,,,,
399,Chris Flores,G,32,29.0,13.1,4.8,11.4,41.8,1.9,5.3,36.3,1.6,2.3,70.3,3.7,3.3,1.3,0.3,2.1,,,,,,
400,Obi Emegano,G,33,33.3,13.1,4.7,9.7,48.6,0.1,0.3,40.0,3.5,4.7,76.0,3.9,1.0,1.0,0.0,2.0,,,,,,
401,Terrence Joyner,G,35,31.6,13.1,4.4,10.6,41.1,2.1,5.5,37.8,2.2,3.7,60.9,3.4,2.5,1.3,0.1,2.2,,,,,,
402,Glen Rice Jr,G-F,21,29.9,13.0,4.9,10.6,45.7,1.4,4.3,33.3,1.9,3.1,60.6,6.7,2.3,1.3,0.9,2.3,,,,,,
403,Trent Lockett,G,25,34.9,13.0,4.3,8.6,49.8,0.8,2.0,41.2,3.6,5.1,71.1,5.8,2.2,1.5,0.5,3.2,,,,,,
404,Jorge Gutierrez,G,33,32.2,13.0,4.8,10.7,44.4,0.8,2.3,32.9,2.7,3.7,74.4,5.3,4.1,1.2,0.1,2.4,,,,,,
404,Dion Dixon,G,37,34.2,13.0,4.3,11.6,37.1,1.3,4.9,26.1,3.1,4.5,69.9,3.4,2.1,1.6,0.5,1.8,,,,,,
404,Melvin Johnson,G,30,23.8,13.0,4.6,9.9,46.1,2.3,5.3,43.4,1.6,1.9,83.9,3.4,1.2,1.0,0.1,2.0,,,,,,
404,Maurice Jones,G,32,38.2,13.0,4.5,13.3,33.6,1.6,5.4,30.2,2.4,3.7,65.5,2.7,3.5,1.8,0.0,2.3,,,,,,
404,Billy Baron,G,20,32.3,13.0,4.1,10.2,40.4,1.5,4.7,31.2,3.4,4.1,82.7,4.5,2.6,1.2,0.0,2.1,,,,,,
404,Calvin Newell,G,5,19.6,13.0,5.0,10.2,49.0,2.0,5.2,38.5,1.0,1.4,71.4,1.6,0.8,0.6,0.0,0.8,,,,,,
404,Kendall Anthony,G,32,25.5,13.0,4.1,9.8,41.9,2.1,5.1,41.7,2.6,3.3,80.0,1.3,1.7,0.7,0.0,1.6,,,,,,
404,Lonnie Hayes,G,11,36.4,13.0,4.5,13.0,34.3,0.9,3.6,25.0,3.2,4.5,70.0,3.3,4.1,2.0,0.0,4.4,,,,,,
412,Solomon Hill,F,36,32.4,13.0,4.3,8.6,50.2,1.1,2.8,39.4,3.3,4.5,72.8,7.7,2.6,1.0,0.5,2.4,Yes,23.0,2013.0,,,
413,Shabazz Napier,G,34,35.0,13.0,4.0,10.3,38.9,1.7,4.9,35.5,3.2,4.4,74.3,3.5,5.8,1.6,0.3,2.8,Yes,24.0,2014.0,,,
414,Rashad Hassan,F,33,22.8,13.0,5.3,9.3,57.0,0.2,0.5,43.8,2.2,4.0,53.8,5.3,0.8,0.2,0.6,2.1,,,,,,
415,Andrew Lawrence,G,31,35.4,13.0,3.9,9.7,40.2,1.9,5.6,34.3,3.2,4.3,74.6,2.9,5.5,1.9,0.5,2.7,,,,,,
416,Leonard Washington,F,33,26.0,12.9,4.7,8.4,56.0,0.5,1.7,30.4,3.0,4.2,71.4,6.9,0.6,1.2,1.1,2.2,,,,,,
417,Joel Smith,G,31,34.2,12.9,4.3,10.7,40.4,2.3,6.4,36.5,2.0,2.2,88.4,4.5,2.5,0.8,0.2,2.5,,,,,,
418,Durand Scott,G,30,33.2,12.9,4.5,10.0,45.3,0.6,2.0,31.1,3.2,4.1,79.5,5.4,3.1,1.0,0.2,1.8,,,,,,
419,Deremy Geiger,G,33,31.7,12.9,4.0,8.6,46.3,2.6,6.0,43.9,2.3,3.0,77.0,2.2,2.3,0.8,0.0,1.3,,,,,,
419,Justin Hamilton,C,33,30.0,12.9,4.8,9.7,49.4,0.1,0.4,25.0,3.2,4.2,78.1,7.2,0.9,0.8,1.3,1.7,Yes,45.0,2012.0,Yes,45.0,2012.0
419,Kyle Barone,C,33,32.8,12.9,4.8,8.8,54.8,0.0,0.1,0.0,3.3,5.1,63.9,8.0,1.5,0.5,1.5,2.6,,,,,,
422,Devonta White,G,34,34.3,12.9,4.4,11.1,39.2,1.6,4.6,34.4,2.6,3.1,83.0,2.2,2.9,1.8,0.1,2.0,,,,,,
423,Romero Osby,F,31,30.2,12.9,4.7,9.7,49.0,0.2,0.6,38.9,3.2,4.4,71.5,7.3,0.9,0.6,1.0,1.8,Yes,51.0,2013.0,,,
424,Alasdair Fraser,F,27,31.4,12.9,5.7,10.4,54.3,0.0,0.1,0.0,1.5,2.4,63.1,7.8,0.9,0.4,1.4,2.4,,,,,,
425,Jared Maree,G,32,29.3,12.8,4.5,9.8,46.0,1.1,3.2,34.3,2.7,3.6,75.4,4.1,1.8,0.6,0.3,1.9,,,,,,
426,Lawrence Alexander,G,31,34.3,12.8,4.5,9.8,45.5,0.9,2.7,31.8,3.1,4.6,66.4,4.0,4.6,1.2,0.3,3.1,,,,,,
427,Keaton Cole,G,35,30.1,12.8,4.1,9.6,42.7,3.3,7.8,42.3,1.3,1.9,70.1,1.6,1.5,1.3,0.0,1.5,,,,,,
428,Hollis Thompson,F,33,31.1,12.8,4.7,10.1,46.4,1.8,4.1,43.0,1.7,2.5,67.9,5.5,1.5,0.7,0.5,1.7,,,,,,
428,Bo Ingram,F,33,26.3,12.8,4.2,10.1,41.7,2.1,5.9,34.7,2.3,3.2,73.3,4.2,0.7,0.7,0.1,1.9,,,,,,
430,TyShwan Edmondson,G,32,31.8,12.8,4.6,11.3,41.1,2.0,5.2,38.0,1.6,2.1,75.0,3.3,1.9,1.6,0.2,2.3,,,,,,
431,Jim Mower,G,31,32.1,12.8,4.1,9.5,43.2,1.8,5.1,34.8,2.8,3.3,87.1,2.7,1.6,0.5,0.3,1.3,,,,,,
431,Blake Allen,G,31,34.2,12.8,4.5,10.2,43.7,2.9,6.8,42.9,1.0,1.3,73.2,3.3,3.0,0.9,0.1,1.6,,,,,,
433,Fred Brown,G,29,28.5,12.8,4.4,11.1,39.9,1.7,4.7,36.0,2.2,2.7,82.1,2.6,2.3,1.2,0.0,2.3,,,,,,
434,Chris Stephenson,G-F,33,28.8,12.8,4.9,10.1,48.5,0.6,1.8,32.8,2.4,3.2,75.5,6.3,2.7,1.2,0.7,3.0,,,,,,
435,Frankie Sullivan,G,32,31.9,12.8,4.1,10.7,38.7,2.0,6.1,32.1,2.6,3.7,69.5,4.0,2.4,1.4,0.2,1.6,,,,,,
436,Chris McEachin,G-F,36,29.9,12.8,4.3,11.0,39.0,2.1,6.1,34.4,2.1,2.8,74.5,2.9,1.2,1.3,0.6,2.0,,,,,,
437,Lucas Troutman,F,31,26.8,12.8,5.1,9.8,52.3,0.0,0.0,0.0,2.5,4.2,60.5,5.5,0.9,0.8,1.4,1.7,,,,,,
438,George Goode,F,29,30.9,12.8,5.1,10.4,49.0,0.0,0.2,0.0,2.6,3.7,69.2,7.4,1.6,0.4,1.4,1.7,,,,,,
439,Reggie Middleton,G,32,31.9,12.8,4.4,11.5,38.1,1.5,4.2,34.8,2.5,3.6,70.4,4.0,4.3,1.4,0.4,2.4,,,,,,
439,Sherwood Brown,G,28,27.0,12.8,4.7,9.9,47.7,1.6,4.4,36.9,1.7,2.4,72.7,5.9,0.8,1.2,0.4,1.2,,,,,,
441,Randal Holt,G,33,30.2,12.7,4.3,10.0,43.5,2.2,5.7,38.6,1.8,2.3,81.3,2.4,2.6,1.4,0.2,1.8,,,,,,
442,Aaron Graham,G,29,28.6,12.7,3.9,9.9,38.9,2.3,6.6,35.8,2.7,3.4,77.8,4.3,2.5,1.3,0.2,2.7,,,,,,
443,Perris Blackwell,F,34,25.6,12.7,5.1,8.8,57.5,0.0,0.0,0.0,2.6,4.6,56.4,6.1,0.9,0.4,0.3,1.9,,,,,,
444,Jerome Jones,F,27,30.6,12.7,4.8,11.6,41.5,1.0,3.6,28.9,2.0,2.7,75.3,5.9,0.8,0.9,0.4,2.7,,,,,,
445,Lorenzo Brown,G,37,34.3,12.7,4.5,9.9,45.0,0.7,2.1,35.1,3.1,4.2,72.9,4.5,6.3,1.8,0.5,3.2,Yes,52.0,2013.0,,,
446,Jeronne Maymon,F,33,28.1,12.7,4.5,8.1,55.8,0.0,0.2,0.0,3.7,5.6,65.8,8.1,1.2,1.0,0.3,2.5,,,,,,
447,Ian Clark,G,34,27.6,12.7,4.4,9.9,45.1,2.7,6.7,40.5,1.1,1.3,82.2,2.6,2.4,1.0,0.1,1.3,,,,,,
448,Chris Hawkins-Mast,G,30,31.7,12.7,4.5,11.1,40.8,0.5,2.3,20.6,3.1,4.9,64.4,6.1,0.8,0.6,0.2,3.0,,,,,,
449,Scott Christopherson,G,34,31.9,12.6,4.0,9.1,43.7,2.0,4.3,45.6,2.7,3.0,90.3,3.0,2.3,0.5,0.1,1.9,,,,,,
450,Trevon Lewis,G,28,24.4,12.6,4.7,9.4,50.0,0.5,1.3,37.8,2.8,4.4,63.4,5.1,1.0,1.0,0.7,2.0,,,,,,
451,Akeem Ellis,F,30,30.4,12.6,4.2,9.0,46.5,1.6,3.9,40.5,2.7,4.3,62.0,5.3,3.5,0.5,0.2,2.6,,,,,,
452,Dion Waiters,G,37,24.1,12.6,4.6,9.6,47.6,1.1,3.1,36.3,2.3,3.2,72.9,2.3,2.5,1.8,0.3,1.3,Yes,4.0,2012.0,Yes,4.0,2012.0
453,C.J. Garner,G,34,29.8,12.6,4.1,9.5,42.9,0.2,0.7,33.3,4.3,5.2,81.5,2.5,3.3,1.0,0.2,2.2,,,,,,
454,Orion Outerbridge,F,31,30.3,12.6,5.0,11.8,42.2,0.7,2.6,28.0,1.9,3.0,65.2,6.8,0.4,0.7,1.8,1.5,,,,,,
455,Carlon Brown,G,36,28.5,12.6,4.7,10.5,44.7,1.2,3.9,30.7,2.0,2.8,72.3,3.8,2.0,0.8,0.3,1.9,,,,,,
456,Trey Harmon,G,32,30.8,12.6,4.4,10.7,41.1,2.2,5.9,37.6,1.6,1.9,83.3,2.6,2.1,1.3,0.1,1.6,,,,,,
456,Walt Lemon Jr,G,32,30.7,12.6,4.3,9.2,47.1,0.9,2.6,34.5,3.0,4.5,66.7,3.1,2.5,1.3,0.5,3.2,,,,,,
458,Christian Watford,F,36,28.4,12.6,3.9,9.4,41.6,1.4,3.3,43.7,3.3,4.1,81.5,5.8,1.3,0.8,0.4,1.7,,,,,,
459,Kyle Kuric,G-F,38,36.0,12.6,4.3,10.3,42.2,2.0,6.1,32.9,1.9,2.4,79.1,4.2,1.2,1.2,0.5,1.0,,,,,,
460,Brockeith Pane,G,37,32.3,12.6,4.4,10.9,40.5,0.8,2.6,30.2,2.9,3.8,77.7,3.0,4.3,0.7,0.2,2.9,,,,,,
461,Jesse Steele,G,32,34.5,12.6,4.3,10.9,39.0,1.9,5.5,35.0,2.1,2.6,81.9,2.0,4.2,1.2,0.0,2.5,,,,,,
462,Justin Cobbs,G,34,32.2,12.6,4.3,9.2,46.6,0.8,1.9,41.3,3.2,4.0,80.1,3.1,5.0,1.0,0.1,2.0,,,,,,
463,David Minaya,G,29,31.4,12.6,4.9,12.2,39.9,0.6,2.4,23.2,2.3,3.0,75.0,3.9,1.2,0.7,0.0,1.5,,,,,,
464,Arlon Harper,G,31,27.6,12.5,4.3,10.0,43.2,1.8,4.4,40.1,2.1,2.7,77.6,2.9,1.9,2.0,0.2,1.8,,,,,,
465,Jack Cooley,F,33,28.7,12.5,4.8,7.7,62.5,0.0,0.0,0.0,3.0,4.4,67.6,8.9,0.8,0.6,1.6,1.4,,,,,,
466,Dominic Cheek,G,32,30.5,12.5,4.0,10.0,39.8,1.8,5.6,32.0,2.8,3.5,80.4,3.9,1.3,1.0,0.2,1.6,,,,,,
467,Chace Stanback,G-F,34,27.9,12.5,4.4,9.6,45.5,2.4,5.2,45.5,1.5,1.8,82.0,4.4,1.3,0.9,0.4,1.1,,,,,,
467,Jihad Ali,G,34,33.0,12.5,4.8,11.5,41.8,1.2,3.4,36.5,1.7,2.4,71.6,6.0,1.4,1.6,0.6,1.4,,,,,,
469,Robert Nwankwo,F,32,33.0,12.5,4.4,10.2,43.6,0.0,0.0,0.0,3.6,6.9,52.3,10.1,0.5,1.1,2.4,2.1,,,,,,
469,Lee Fisher,F,30,34.9,12.5,4.2,10.5,40.4,1.0,3.0,33.0,3.0,4.5,66.9,7.9,2.1,1.3,0.6,3.0,,,,,,
469,Quinn McDowell,G-F,32,34.2,12.5,4.0,10.1,39.9,1.8,5.4,34.3,2.6,3.4,76.9,4.8,1.6,0.7,0.1,1.5,,,,,,
469,Brooks Ybarra,F,30,25.3,12.5,4.2,8.5,49.2,2.1,4.7,44.7,2.1,2.6,80.5,3.4,1.3,1.3,0.5,1.4,,,,,,
469,Fuquan Edwin,G,34,33.6,12.5,4.8,9.9,48.5,1.2,3.2,37.0,1.7,2.7,62.6,6.2,1.3,3.0,0.4,2.1,,,,,,
469,Jeromie Hill,F,32,30.5,12.5,4.9,10.0,48.6,1.1,2.7,40.7,1.7,2.8,59.6,6.4,1.5,0.9,0.7,2.5,,,,,,
469,Marcus Hooten,G,34,32.0,12.5,4.3,11.0,38.9,1.2,3.6,34.4,2.7,4.0,66.4,2.4,1.6,0.6,0.0,1.9,,,,,,
469,Derrell Armstrong,G,32,23.4,12.5,4.4,10.8,40.3,0.8,2.8,29.7,2.9,3.6,80.2,4.4,2.2,1.5,0.3,2.8,,,,,,
477,Ryan Cook,G,25,29.8,12.5,4.3,11.9,36.4,1.0,3.7,26.1,2.9,3.4,85.7,4.3,1.6,0.9,0.4,1.9,,,,,,
478,Terrance Henry,F,34,30.9,12.5,4.3,9.4,45.2,0.8,2.3,33.3,3.2,4.4,73.0,4.3,1.6,0.6,1.0,3.4,,,,,,
479,Jesse Sanders,G,32,35.1,12.5,3.9,8.0,48.6,0.5,1.4,35.6,4.2,5.4,78.5,7.8,8.0,1.2,0.1,2.8,,,,,,
479,Marcus Damas,F,32,34.2,12.5,4.1,11.6,35.6,1.5,4.8,31.4,2.7,3.8,70.7,5.3,1.5,0.9,0.5,2.8,,,,,,
481,Anthony James,G,33,28.1,12.5,4.4,11.5,38.4,1.1,2.9,37.9,2.5,3.3,76.1,4.3,1.7,0.7,0.0,1.5,,,,,,
482,Walt Gibler,F,25,26.5,12.4,4.2,8.0,52.7,0.0,0.2,25.0,3.9,5.3,73.7,5.8,1.0,0.5,0.2,2.2,,,,,,
483,Chris Johnson,F,32,29.7,12.4,4.1,8.8,46.5,2.2,5.4,39.7,2.1,2.4,85.9,6.4,1.3,0.7,0.6,1.6,,,,,,
484,Marcus Davis,G-F,28,25.9,12.4,4.1,9.4,43.7,1.2,3.0,40.5,3.0,3.5,85.7,5.6,1.3,1.4,0.3,2.5,,,,,,
485,Isiah Brown,F,31,30.3,12.4,5.0,8.9,55.8,0.0,0.0,0.0,2.5,4.5,55.0,5.9,1.1,1.4,1.4,2.5,,,,,,
485,Jereal Scott,C,31,24.0,12.4,4.5,9.5,48.0,0.0,0.0,0.0,3.3,4.8,69.1,5.4,0.8,0.5,0.8,2.0,,,,,,
485,Delbert Love,G,31,36.5,12.4,4.3,10.3,41.8,2.1,6.1,34.6,1.7,2.5,69.2,3.0,3.0,1.7,0.1,2.8,,,,,,
488,Scott Wood,F,36,32.9,12.4,3.7,8.6,42.6,2.6,6.4,40.9,2.4,2.7,90.7,2.3,1.6,0.7,0.6,1.1,,,,,,
489,Kwamain Mitchell,G,34,31.4,12.4,4.4,9.9,44.4,1.9,5.2,36.5,1.7,2.5,67.9,2.6,3.7,1.3,0.0,1.8,,,,,,
490,Josh Greene,G,28,29.3,12.4,4.0,11.0,36.8,2.0,5.7,35.6,2.3,2.8,83.1,3.2,2.9,0.8,0.0,2.0,,,,,,
491,Jamelle Hagins,F,32,30.9,12.4,4.8,8.8,54.8,0.0,0.0,0.0,2.7,4.0,66.7,11.1,0.9,0.7,3.0,2.3,,,,,,
492,Nurideen Lindsey,G,11,29.5,12.4,4.0,8.5,46.8,0.0,1.7,0.0,4.4,7.5,57.8,4.9,2.8,1.4,0.0,4.1,,,,,,
493,John Dickson,F,28,25.6,12.4,4.4,10.1,43.1,0.3,1.2,26.5,3.3,4.5,73.2,4.2,1.1,0.5,1.0,2.1,,,,,,
494,Walter Offutt,G,37,29.4,12.4,4.0,8.9,45.0,1.4,3.8,38.1,2.9,4.1,71.1,3.6,1.8,1.5,0.1,1.7,,,,,,
495,Aloys Cabell,G,29,25.2,12.3,3.9,9.9,39.7,1.4,3.6,40.8,3.0,4.3,69.8,1.8,2.5,0.8,0.1,2.0,,,,,,
496,Terrence Jones,F,38,29.3,12.3,4.7,9.3,50.0,0.4,1.3,32.7,2.6,4.2,62.7,7.2,1.3,1.3,1.8,1.6,Yes,18.0,2012.0,Yes,18.0,2012.0
497,Isaiah Sykes,G,33,30.7,12.3,4.8,8.8,54.5,0.2,0.6,28.6,2.5,4.6,54.6,6.4,2.0,1.1,0.4,2.8,,,,,,
498,Quinton Doggett,F,31,32.4,12.3,4.6,9.6,48.5,0.0,0.1,0.0,3.0,4.3,71.2,7.8,0.5,0.4,1.9,1.6,,,,,,
499,Tashan Newsome,G,29,26.8,12.3,4.2,10.5,40.5,0.4,2.0,19.3,3.4,4.8,71.4,7.0,1.6,0.8,0.2,1.6,,,,,,
499,Chase Grabau,G,29,34.0,12.3,4.0,8.0,50.6,1.1,2.9,37.3,3.2,4.2,76.0,5.2,3.2,1.8,0.4,2.0,,,,,,
