RK,Unnamed: 1,POS,GP,MIN,PTS,FGM,FGA,FG%,3PM,3PA,3P%,FTM,FTA,FT%,REB,AST,Unnamed: 17,Unnamed: 18,2019,Drafted?,Draft Pick,Draft Year
1,Chris Clemons,G,33,36.6,30.1,9.2,20.6,44.8,4.2,11.8,35.7,7.5,8.6,86.9,5.1,2.8,,,,,,
2,Justin Wright-Foreman,G,35,37.8,27.1,9.4,18.5,51.1,3.1,7.4,42.5,5.1,5.9,86.4,4.0,2.9,Yes,53.0,2019.0,Yes,53.0,2019.0
3,Antoine Davis,G,30,37.4,26.1,8.8,21.9,40.0,4.4,11.6,38.0,4.2,4.9,85.7,3.1,3.6,,,,,,
4,Mike Daum,F,33,33.3,25.3,8.7,16.9,51.2,2.0,5.5,37.0,5.9,7.1,83.8,11.7,1.8,,,,,,
5,Markus Howard,G,34,33.6,25.0,7.4,17.6,42.0,3.5,8.8,40.3,6.7,7.5,89.0,4.0,3.9,,,,,,
6,Lamine Diane,F,33,35.3,24.8,10.3,21.2,48.5,0.2,0.7,30.4,4.0,7.6,52.2,11.2,2.1,,,,,,
7,Ja Morant,G,33,36.6,24.5,8.0,16.1,49.9,1.7,4.8,36.3,6.7,8.2,81.3,5.7,10.0,Yes,2.0,2019.0,Yes,2.0,2019.0
8,Jermaine Marrow,G,35,36.4,24.4,7.8,18.5,42.2,2.5,6.8,37.0,6.2,7.7,81.0,4.1,4.9,,,,,,
9,Carsen Edwards,G,36,35.4,24.3,7.7,19.5,39.4,3.8,10.6,35.5,5.1,6.1,83.7,3.6,2.9,Yes,33.0,2019.0,Yes,33.0,2019.0
10,Nick Mayo,F,31,34.8,23.7,7.9,17.1,46.2,1.7,5.3,33.1,6.1,7.1,86.4,8.7,2.3,,,,,,
11,Jordan Davis,G,32,33.8,23.5,8.0,16.9,47.4,1.7,4.7,36.0,5.8,7.2,80.5,4.7,4.7,,,,,,
12,Cameron Young,G,31,36.0,23.5,7.2,14.9,48.2,3.4,7.7,43.7,5.8,7.6,76.6,5.1,1.9,,,,,,
13,Myles Powell,G,34,36.0,23.1,7.4,16.6,44.7,3.1,8.7,36.3,5.1,6.1,84.0,4.0,2.9,,,,,,
14,Jhivvan Jackson,G,29,30.8,22.9,7.7,19.8,38.6,3.6,10.2,35.1,4.0,4.7,84.6,4.1,2.4,,,,,,
15,RJ Barrett,SG,38,35.3,22.6,8.4,18.5,45.4,1.9,6.2,30.8,3.9,5.9,66.5,7.6,4.3,Yes,3.0,2019.0,Yes,3.0,2019.0
16,Zion Williamson,F,33,30.0,22.6,9.0,13.2,68.0,0.7,2.2,33.8,3.9,6.2,64.0,8.9,2.1,Yes,1.0,2019.0,Yes,1.0,2019.0
17,Ty Cockfield,G,32,35.0,22.4,7.4,16.9,43.9,2.2,6.1,35.6,5.4,6.6,82.0,3.6,3.2,,,,,,
18,Matt Morgan,G,31,32.3,22.2,6.9,13.5,51.3,3.3,7.7,43.1,5.0,5.8,86.0,4.5,3.0,,,,,,
19,Justin James,G,32,38.2,22.1,7.1,17.4,40.9,1.6,5.3,29.6,6.3,8.4,74.1,8.5,4.4,Yes,40.0,2019.0,Yes,40.0,2019.0
20,Grant Riller,G,33,35.5,21.9,8.0,14.9,53.8,1.4,4.2,32.9,4.5,5.6,80.6,3.4,4.1,Yes,56.0,2020.0,,,
21,Jon Davis,G,29,37.1,21.7,6.6,15.2,43.3,2.5,7.4,33.8,6.0,7.1,85.4,4.5,3.7,,,,,,
22,Robert Franks,F,27,34.4,21.6,7.4,15.1,49.3,2.8,7.0,39.9,3.9,4.6,84.8,7.2,2.6,,,,,,
23,Jaylin Walker,G,27,36.0,21.6,6.7,17.3,38.7,3.4,9.0,38.3,4.7,5.9,80.4,5.7,2.1,,,,,,
24,Bubba Parham,G,32,33.9,21.4,6.6,15.4,42.5,3.6,9.1,39.7,4.7,5.9,79.4,3.4,3.5,,,,,,
25,R.J. Cole,G,34,35.6,21.4,6.4,15.4,41.5,2.5,6.4,38.7,6.1,7.5,81.9,4.1,6.4,,,,,,
26,Jerrick Harding,G,30,33.9,21.4,7.1,15.0,47.1,2.1,5.8,36.6,5.1,5.9,87.0,3.4,1.4,,,,,,
27,Andrew Kostecka,G,32,33.3,21.3,7.5,14.4,52.3,1.5,3.9,38.1,4.8,5.8,81.3,4.8,2.4,,,,,,
28,Dylan Windler,G,33,33.2,21.3,7.4,13.6,54.0,3.0,7.1,42.9,3.5,4.2,84.7,10.8,2.5,Yes,26.0,2019.0,Yes,26.0,2019.0
29,Yoeli Childs,F,32,33.3,21.2,8.1,15.9,50.7,1.0,3.1,32.3,4.1,5.8,70.8,9.7,2.1,,,,,,
30,Anthony Lamb,F,32,31.6,21.2,7.6,14.7,51.5,1.6,4.3,36.5,4.5,5.9,76.2,7.8,2.3,,,,,,
31,Jordan Ford,G,34,36.9,21.1,7.5,15.3,48.9,2.1,5.0,41.2,4.0,5.0,80.0,2.8,2.5,,,,,,
32,Daishon Smith,G,32,34.7,21.0,6.1,13.8,44.3,3.4,8.6,40.0,5.4,6.3,86.1,4.5,3.9,,,,,,
33,Nathan Knight,F,31,30.6,21.0,7.6,13.2,57.8,0.3,1.3,24.4,5.5,7.5,73.2,8.6,3.5,,,,,,
34,Garrison Mathews,G,36,30.0,20.9,6.2,13.9,44.4,3.2,8.0,40.3,5.3,6.1,86.0,5.5,1.9,,,,,,
35,Sam Merrill,G,35,35.3,20.9,6.5,14.1,46.1,2.5,6.5,37.6,5.4,5.9,90.9,3.9,4.2,Yes,60.0,2020.0,,,
36,Martaveous McKnight,G,32,36.8,20.8,7.1,16.0,44.2,2.3,6.0,38.7,4.4,6.2,70.9,5.0,2.9,,,,,,
37,Tres Tinkle,F,30,36.4,20.8,7.2,14.8,48.3,1.8,5.4,32.9,4.7,6.1,77.0,8.1,3.8,,,,,,
38,JaKeenan Gant,F,31,32.0,20.5,7.9,14.6,54.4,1.4,3.6,37.2,3.3,4.2,78.6,8.6,1.3,,,,,,
39,Tyler Hall,G,32,33.5,20.5,7.3,16.3,44.7,3.6,9.6,37.7,2.3,2.8,83.3,4.7,2.8,,,,,,
40,Terry Taylor,G,33,33.1,20.5,7.8,14.7,53.1,1.5,4.5,34.0,3.3,4.5,74.1,8.9,1.7,,,,,,
41,Eugene German,G,31,32.6,20.4,7.4,15.0,49.0,2.8,6.8,41.4,2.8,4.1,68.8,5.2,2.9,,,,,,
42,Rayjon Tucker,G,30,36.6,20.3,6.2,12.7,49.1,2.4,5.8,41.1,5.5,7.0,77.7,6.7,1.8,,,,,,
43,Jon Elmore,G,37,35.9,20.3,6.3,16.1,39.3,3.1,8.5,36.4,4.5,5.8,78.9,5.1,5.1,,,,,,
44,Fletcher Magee,G,35,31.4,20.3,6.4,14.7,43.9,4.5,10.8,41.9,2.9,3.2,91.0,2.5,1.6,,,,,,
45,Lew Stallworth,G,29,33.4,20.2,7.6,14.4,52.7,1.2,3.3,37.5,3.7,5.0,74.0,5.3,6.2,,,,,,
46,Keaton Wallace,G,32,34.9,20.2,6.7,15.9,42.2,3.8,9.9,38.2,3.0,3.5,85.6,5.0,2.4,,,,,,
47,Max Strus,G,35,37.4,20.1,6.6,15.5,42.9,3.2,8.9,36.3,3.7,4.3,84.2,5.9,2.2,,,,,,
48,Lamar Stevens,F,32,36.9,19.9,7.2,17.0,42.2,0.6,2.8,22.0,4.9,6.4,77.0,7.7,2.1,,,,,,
49,Sa'eed Nelson,G,30,36.5,19.8,6.8,13.3,50.7,0.9,2.8,30.6,5.4,7.6,71.8,5.6,5.2,,,,,,
50,Shizz Alston Jr,G,33,37.2,19.7,6.3,15.5,40.5,3.0,8.6,35.0,4.2,4.6,90.8,2.8,5.0,,,,,,
51,Rui Hachimura,F,37,30.2,19.7,7.4,12.6,59.1,0.4,1.0,41.7,4.4,6.0,73.9,6.5,1.5,Yes,9.0,2019.0,Yes,9.0,2019.0
52,Shamorie Ponds,G,33,35.1,19.7,6.5,14.5,45.3,2.0,5.6,35.3,4.6,5.5,83.6,4.1,5.1,,,,,,
53,James Palmer Jr,G,36,35.2,19.7,5.9,16.1,36.9,1.9,5.9,31.3,6.0,7.8,76.2,4.2,3.0,,,,,,
53,Jeremiah Martin,G,36,34.4,19.7,6.1,13.6,45.1,1.8,5.3,34.6,5.6,7.4,76.2,4.3,4.4,,,,,,
55,David Jenkins Jr,G,32,33.1,19.7,6.4,14.0,45.8,3.5,7.7,45.3,3.3,4.2,79.3,3.4,1.5,,,,,,
56,John Konchar,G,33,34.3,19.5,7.0,12.8,54.6,1.6,4.2,38.1,3.8,5.4,71.3,8.5,5.4,,,,,,
57,Jahaad Proctor,G,31,34.6,19.5,6.8,14.6,46.4,1.8,5.4,33.1,4.1,5.4,77.1,3.8,3.3,,,,,,
58,Dedric Lawson,F,36,32.6,19.4,6.9,14.1,49.0,1.0,2.5,39.3,4.6,5.7,81.5,10.3,1.7,,,,,,
59,Marcquise Reed,G,31,35.4,19.4,6.5,14.8,44.0,1.5,4.4,35.6,4.8,5.7,84.3,5.5,3.1,,,,,,
60,Jarrell Brantley,F,33,34.0,19.4,7.2,13.9,51.7,1.2,3.5,32.8,3.9,4.9,78.5,8.4,2.4,Yes,50.0,2019.0,Yes,50.0,2019.0
61,Colbey Ross,G,34,34.9,19.4,5.3,12.1,43.7,1.9,4.7,39.6,7.0,8.2,85.3,2.9,7.0,,,,,,
62,Caleb Martin,F,34,34.1,19.2,5.9,14.5,40.9,3.1,9.3,33.8,4.3,5.8,73.2,5.1,2.8,,,,,,
63,Terrell Gomez,G,34,37.7,19.2,6.3,14.0,45.0,3.4,8.2,41.9,3.1,3.6,87.7,2.1,2.8,,,,,,
64,Charlie Brown Jr,F,32,35.6,19.0,6.4,14.9,43.0,2.0,5.5,35.6,4.3,5.0,84.5,6.2,1.5,,,,,,
65,Ky Bowman,G,31,39.3,19.0,6.3,15.6,40.4,2.5,6.8,37.4,3.8,5.0,76.1,7.5,4.0,,,,,,
66,Milan Acquaah,G,31,32.1,19.0,6.2,14.8,41.5,2.5,6.5,37.4,4.2,4.9,85.0,5.0,3.4,,,,,,
66,Tyler Hooker,G,31,36.2,19.0,6.5,16.4,39.3,1.1,4.0,28.0,4.9,5.9,83.2,4.7,3.0,,,,,,
68,Raiquan Clark,G,32,32.3,18.9,6.9,13.7,50.3,0.6,2.6,24.4,4.5,6.4,69.9,6.8,2.0,,,,,,
69,Deishuan Booker,G,33,32.1,18.8,5.0,11.0,45.5,1.3,3.5,36.2,7.6,8.3,91.2,3.5,4.4,,,,,,
70,Grant Williams,F,37,31.9,18.8,6.3,11.2,56.5,0.4,1.2,32.6,5.8,7.0,81.9,7.5,3.2,Yes,22.0,2019.0,Yes,22.0,2019.0
71,Isaiah Pineiro,F,36,34.7,18.8,6.4,13.2,48.7,1.1,3.3,33.6,4.8,5.9,82.0,9.4,2.1,,,,,,
72,Cassius Winston,G,39,33.5,18.8,6.2,13.5,46.0,2.2,5.4,39.8,4.2,5.0,84.0,3.0,7.5,Yes,53.0,2020.0,,,
73,Jarron Cumberland,G,35,32.5,18.8,5.9,14.6,40.4,2.3,5.9,38.8,4.7,6.0,77.3,4.4,3.6,,,,,,
74,Marial Shayok,G,34,32.9,18.7,6.7,13.6,49.6,2.1,5.4,38.6,3.2,3.6,87.8,4.9,2.0,Yes,54.0,2019.0,Yes,54.0,2019.0
75,Christian Lutete,G,32,33.9,18.7,6.7,12.5,53.4,2.2,5.5,39.5,3.2,4.4,71.8,7.6,1.4,,,,,,
76,Drew McDonald,F,34,30.6,18.7,6.2,13.1,47.2,2.0,5.0,39.4,4.3,5.4,79.8,9.4,2.8,,,,,,
76,Christian Keeling,G,34,32.2,18.7,6.3,13.5,46.5,2.4,6.3,38.0,3.7,4.8,77.8,6.9,2.8,,,,,,
78,Camron Justice,G,33,32.7,18.6,5.9,13.9,42.5,2.7,7.8,35.2,4.1,4.8,85.4,3.2,2.9,,,,,,
79,Phil Booth,G,36,35.1,18.6,6.1,13.9,43.4,2.6,7.2,36.7,3.8,5.1,74.9,3.9,3.8,,,,,,
80,Jarrett Culver,G,38,32.5,18.5,6.7,14.5,46.1,1.3,4.2,30.4,3.9,5.5,70.7,6.4,3.7,Yes,6.0,2019.0,Yes,6.0,2019.0
81,Quinndary Weatherspoon,G,34,34.1,18.5,6.3,12.3,50.8,1.6,4.1,39.6,4.4,5.4,80.9,4.7,2.8,Yes,49.0,2019.0,Yes,49.0,2019.0
82,Braxton Huggins,G,31,29.8,18.5,6.1,14.4,42.5,3.3,8.5,38.5,3.0,3.7,79.3,4.3,1.7,,,,,,
83,D'Marcus Simonds,G,34,35.7,18.4,6.4,15.6,41.3,1.7,5.9,28.2,3.8,5.8,66.0,5.0,3.6,,,,,,
84,Ronshad Shabazz,G,32,32.2,18.3,6.3,14.4,44.1,2.5,6.6,37.6,3.2,3.9,81.5,3.3,2.3,,,,,,
85,Xavier Hill-Mais,F,33,31.1,18.3,7.1,13.3,53.5,1.0,3.1,33.7,3.0,4.3,69.9,7.2,2.5,,,,,,
86,David Efianayi,G,35,33.4,18.2,5.7,11.8,48.7,2.0,4.8,42.0,4.7,6.3,74.3,3.7,2.9,,,,,,
87,Khalil Ahmad,G,34,31.4,18.2,6.1,14.0,43.6,1.6,5.2,31.8,4.4,5.4,81.4,4.0,1.3,,,,,,
87,Justin Turner,G,34,32.2,18.2,6.7,14.4,46.8,1.8,4.8,37.2,2.9,4.1,70.9,3.7,3.1,,,,,,
89,Bennie Boatwright,F,31,33.5,18.2,6.4,13.4,47.4,2.9,6.8,42.9,2.6,3.7,70.2,6.6,2.5,,,,,,
90,Zac Cuthbertson,F,34,32.1,18.2,5.9,12.1,48.8,1.3,3.5,36.7,5.1,6.7,76.3,8.1,2.4,,,,,,
91,CJ Massinburg,G,35,32.4,18.2,5.7,12.3,46.3,2.7,6.7,39.9,4.1,5.3,78.0,6.5,3.0,,,,,,
92,Markis McDuffie,F,37,33.4,18.2,5.8,14.2,40.8,2.3,6.6,34.1,4.3,5.3,81.6,5.0,1.0,,,,,,
93,Jahmal McMurray,G,32,32.7,18.1,6.4,14.3,44.9,3.2,8.0,39.5,2.1,2.5,82.7,2.3,2.6,,,,,,
94,Zach Jackson,G,32,34.2,18.1,6.4,12.9,49.5,1.9,4.3,43.2,3.4,4.5,75.9,4.3,1.9,,,,,,
95,Deshon Taylor,G,28,35.6,17.9,5.4,12.2,44.6,2.4,6.0,40.1,4.7,6.0,78.4,3.7,5.0,,,,,,
96,Breein Tyree,G,33,33.8,17.9,6.0,13.0,45.9,2.1,5.6,37.5,3.9,4.7,83.1,2.9,2.8,,,,,,
97,Antonio Green,G,32,35.3,17.9,6.1,16.3,37.6,3.3,9.5,34.5,2.4,2.7,87.4,4.0,1.6,,,,,,
97,Sean Hoehn,G,32,31.7,17.9,5.7,12.0,47.4,2.0,5.0,40.6,4.5,5.3,84.7,3.3,2.6,,,,,,
99,Charles Williams,G,33,31.1,17.9,6.3,14.2,44.6,1.8,4.9,37.3,3.4,4.0,85.5,2.7,0.7,,,,,,
100,Shannon Bogues,G,30,36.1,17.9,5.9,14.1,42.0,2.2,6.0,36.9,3.8,4.8,78.6,3.0,3.6,,,,,,
101,Sam Sessoms,G,33,34.3,17.8,6.8,15.2,44.8,2.1,5.8,36.6,2.1,3.2,66.0,3.3,3.5,,,,,,
102,TJ Haws,G,32,33.4,17.8,5.4,11.8,46.3,1.8,5.1,35.2,5.2,5.9,86.8,3.5,5.1,,,,,,
103,Kevon Harris,G,30,34.9,17.8,5.9,11.3,52.1,1.7,4.4,37.9,4.4,5.9,73.6,6.5,2.0,,,,,,
104,C.J. Burks,G,37,33.5,17.7,6.7,14.0,47.8,1.8,5.0,35.7,2.5,3.3,77.0,3.9,2.9,,,,,,
105,E.J. Crawford,G,33,35.6,17.7,6.2,12.3,50.4,1.6,4.2,37.9,3.6,4.5,81.6,5.1,1.8,,,,,,
106,AJ Brodeur,F,31,32.5,17.6,7.2,13.7,52.8,0.5,1.5,34.0,2.7,4.6,57.6,8.3,3.6,,,,,,
107,Kimbal Mackenzie,G,33,34.3,17.6,5.4,12.7,42.5,2.5,6.7,37.6,4.3,5.1,85.6,2.8,3.0,,,,,,
108,Zach Cooks,G,35,37.3,17.6,6.2,13.7,45.1,2.1,6.0,34.9,3.2,4.4,73.2,4.8,2.1,,,,,,
109,Francis Alonso,G,36,28.7,17.6,5.4,12.9,41.9,2.7,7.3,37.1,4.1,4.6,88.0,2.3,2.5,,,,,,
110,Jeremy Combs,F,38,31.7,17.6,6.4,10.6,60.2,0.1,0.6,23.8,4.7,8.0,59.0,9.3,1.5,,,,,,
111,Jessie Govan,C,33,30.3,17.5,6.4,12.9,49.6,1.4,3.5,41.2,3.3,4.3,76.6,7.5,1.2,,,,,,
112,Brian Fobbs,G,32,32.8,17.5,6.5,14.3,45.3,2.0,5.5,36.7,2.6,3.2,80.4,5.9,1.3,,,,,,
113,Sandy Cohen,G,38,34.1,17.5,5.8,12.1,47.5,1.5,4.5,33.7,4.5,5.8,77.3,6.4,4.7,,,,,,
114,Kyle Allman Jr,G,33,35.2,17.5,5.7,13.7,41.4,1.8,5.2,34.9,4.4,5.8,75.0,3.0,2.0,,,,,,
115,Tyler Kohl,F,28,33.0,17.5,5.5,14.0,39.4,1.5,4.4,33.1,5.0,5.9,84.8,6.7,4.4,,,,,,
116,Matt Rafferty,F,33,33.4,17.5,6.6,10.7,61.5,0.2,0.8,32.0,4.1,5.3,76.7,9.0,4.3,,,,,,
117,Larry Austin Jr,G,35,34.0,17.5,6.7,13.5,49.7,0.1,0.5,26.3,3.9,7.1,54.8,6.3,6.0,,,,,,
118,Vasa Pusica,G,27,34.8,17.4,5.6,11.6,48.2,2.2,5.5,39.9,4.0,4.8,83.7,3.8,4.1,,,,,,
119,Kris Wilkes,G,33,31.7,17.4,6.2,14.3,43.3,2.1,6.2,33.7,2.9,4.3,67.1,4.8,1.7,,,,,,
120,Ross Cummings,G,31,33.3,17.4,5.2,12.2,42.7,3.3,8.2,39.9,3.6,4.5,80.1,2.9,1.9,,,,,,
120,Tyreke Key,G,31,34.3,17.4,5.8,11.1,52.5,1.4,3.1,44.8,4.3,5.5,78.7,3.5,1.7,,,,,,
122,Tookie Brown,G,33,35.1,17.3,6.0,12.1,49.6,1.2,3.6,33.9,4.1,5.4,76.4,4.2,4.7,,,,,,
123,Ethan Happ,F,34,32.0,17.3,7.6,14.3,53.0,0.0,0.1,0.0,2.2,4.7,46.6,10.1,4.5,,,,,,
124,Brian Beard Jr,G,34,32.1,17.3,5.4,13.8,39.4,1.6,5.5,28.9,4.8,6.8,71.3,3.3,6.0,,,,,,
125,Kellan Grady,G,30,37.6,17.3,6.5,14.3,45.1,1.9,5.7,34.1,2.4,3.3,73.5,4.5,1.9,,,,,,
126,Moses Greenwood,F,33,29.8,17.2,6.8,11.2,60.1,0.5,1.2,40.0,3.2,4.6,70.2,7.5,0.8,,,,,,
127,Tyree Appleby,G,29,30.5,17.2,5.1,12.1,42.0,2.6,6.6,38.9,4.5,5.8,78.0,3.7,5.6,,,,,,
128,Jason Burnell,F,32,33.8,17.2,6.1,12.0,50.7,0.9,2.8,31.9,4.2,5.2,80.1,9.6,3.1,,,,,,
128,Tyus Battle,G,32,36.3,17.2,5.9,13.6,43.1,1.3,4.1,32.1,4.1,5.4,76.3,3.3,2.5,,,,,,
128,Harald Frey,G,32,33.0,17.2,5.3,12.0,44.0,2.3,6.1,38.7,4.3,5.1,84.6,4.5,5.0,,,,,,
131,Grant Golden,F,33,31.4,17.2,6.7,13.3,50.3,0.5,1.6,29.6,3.3,5.0,65.7,7.1,3.5,,,,,,
132,Jaevin Cumberland,G,33,37.1,17.2,5.2,12.3,42.5,3.3,8.3,39.9,3.4,3.9,85.4,2.9,3.5,,,,,,
133,Miye Oni,G,29,30.9,17.1,5.8,13.1,44.1,1.9,5.2,37.1,3.7,4.7,79.3,6.3,3.6,Yes,58.0,2019.0,Yes,58.0,2019.0
134,Jeremiah Jefferson,G,30,34.8,17.1,6.3,14.6,43.2,3.1,8.1,38.8,1.4,2.0,70.0,3.0,2.0,,,,,,
135,Marcus Graves,G,31,34.7,17.0,5.9,13.9,42.2,1.6,4.2,38.8,3.7,4.6,79.2,4.7,5.4,,,,,,
136,Jordan Caroline,F,33,35.5,17.0,5.8,12.9,45.2,1.4,3.8,36.8,3.9,6.3,62.8,9.6,1.9,,,,,,
137,Donovan Fields,G,29,33.7,17.0,6.5,16.4,39.7,1.4,4.5,30.5,2.6,3.1,83.3,2.5,4.1,,,,,,
137,Ian DuBose,C,30,30.3,17.0,5.8,11.9,48.6,1.8,4.0,43.8,3.7,5.2,70.7,5.9,3.4,,,,,,
139,Corey Davis Jr,G,37,33.1,17.0,5.5,13.0,42.0,3.0,8.0,37.5,3.1,3.5,86.9,3.3,2.8,,,,,,
140,Jordan Nwora,F,34,31.9,17.0,5.8,13.1,44.6,2.3,6.1,37.4,3.1,4.0,76.5,7.6,1.3,Yes,45.0,2020.0,,,
141,Kamar Baldwin,G,33,34.2,17.0,6.4,14.3,44.7,1.3,4.1,31.1,2.9,3.4,85.0,4.9,3.1,,,,,,
142,Kobe Webster,G,31,34.0,17.0,6.3,14.7,42.9,2.5,5.9,41.3,1.9,2.7,70.6,4.4,3.1,,,,,,
143,Brandon Clarke,F,37,28.1,16.9,6.9,10.1,68.7,0.1,0.4,26.7,2.9,4.2,69.4,8.6,1.9,Yes,21.0,2019.0,Yes,21.0,2019.0
144,Daniel Gafford,F,32,28.7,16.9,6.7,10.1,66.0,0.0,0.0,0.0,3.6,6.0,59.1,8.7,0.7,Yes,38.0,2019.0,Yes,38.0,2019.0
144,Takal Molson,G,32,32.6,16.9,5.5,13.0,42.2,1.7,6.4,26.8,4.2,5.6,75.4,5.4,2.0,,,,,,
146,Jon Axel Gudmundsson,G,34,36.8,16.9,5.2,11.3,46.0,1.8,5.0,35.3,4.7,5.7,82.6,7.3,4.8,,,,,,
147,Caleb Daniels,G,30,33.9,16.9,5.8,13.0,44.5,1.6,4.5,34.6,3.7,5.4,68.7,5.3,3.3,,,,,,
148,Cameron Johnson,SF,36,29.9,16.9,5.9,11.6,50.6,2.7,5.8,45.7,2.5,3.1,81.8,5.8,2.4,Yes,11.0,2019.0,Yes,11.0,2019.0
149,Jalen Adams,G,26,30.0,16.9,6.5,13.3,48.7,1.7,4.7,35.5,2.2,2.7,82.9,4.0,3.4,,,,,,
150,KZ Okpala,F,29,32.7,16.8,5.9,12.7,46.3,1.1,3.0,36.8,4.0,6.0,67.1,5.7,2.0,Yes,32.0,2019.0,Yes,32.0,2019.0
151,Sedrick Barefield,G,31,32.3,16.8,5.4,13.2,40.8,3.0,7.7,38.7,3.0,3.7,82.5,2.1,3.8,,,,,,
152,Nych Smith,G,28,27.5,16.8,6.0,13.3,44.8,1.8,5.3,33.3,3.1,4.1,75.7,2.6,3.7,,,,,,
153,Davauhnte Turner,G,32,35.9,16.8,5.7,13.9,41.1,2.2,6.3,35.1,3.1,3.9,79.4,3.3,2.4,,,,,,
154,B.J. Stith,G,35,34.5,16.8,5.9,14.4,41.0,2.1,5.7,36.9,2.9,3.4,84.7,7.5,1.0,,,,,,
155,Kevin McClain,G,33,33.4,16.8,5.6,12.1,46.4,2.1,5.8,36.6,3.4,4.9,70.2,3.6,3.9,,,,,,
156,Tayler Persons,G,33,32.1,16.7,6.0,13.7,44.1,1.4,4.2,32.1,3.3,4.1,80.0,4.0,4.3,,,,,,
157,Akwasi Yeboah,F,32,31.8,16.7,5.7,13.8,41.3,2.1,6.5,31.6,3.2,4.1,78.5,7.7,1.4,,,,,,
158,Milik Yarbrough,G,33,29.3,16.7,6.1,13.3,46.1,1.0,2.9,34.0,3.4,4.4,77.9,6.9,3.1,,,,,,
159,Nick Garth,G,31,31.1,16.6,5.4,12.7,42.4,2.6,7.1,37.3,3.2,3.8,84.0,2.4,2.4,,,,,,
160,Amir Coffey,G,36,35.2,16.6,5.5,12.6,43.6,1.1,3.8,30.4,4.5,6.1,74.0,3.6,3.2,,,,,,
161,Darnell Edge,G,35,37.0,16.6,5.4,11.5,47.3,2.6,5.5,47.7,3.1,3.5,89.4,3.5,2.4,,,,,,
162,Damani Applewhite,F,34,34.0,16.6,5.8,11.5,50.6,0.1,0.5,25.0,4.9,6.9,70.5,7.4,1.1,,,,,,
163,Ahmad Caver,G,35,37.6,16.6,5.6,14.7,38.1,2.0,6.6,30.3,3.4,4.9,69.2,4.3,5.5,,,,,,
164,J.R. Lynch,G,33,38.0,16.6,5.3,11.8,45.2,2.1,5.3,39.7,3.8,4.5,84.0,3.7,3.8,,,,,,
165,Seth Dugan,C,32,33.3,16.6,6.5,11.6,56.2,0.1,0.5,13.3,3.4,5.3,64.3,9.9,1.7,,,,,,
166,Shawn Roundtree,G,34,34.5,16.6,4.9,10.7,45.9,2.2,5.2,42.7,4.5,5.7,78.9,2.7,3.1,,,,,,
167,Eric Paschall,F,36,36.1,16.5,5.4,12.1,44.7,1.9,5.6,34.8,3.8,5.0,74.6,6.1,2.1,Yes,41.0,2019.0,Yes,41.0,2019.0
168,Max Mahoney,F,32,27.0,16.5,6.9,11.0,62.9,0.0,0.0,0.0,2.6,4.1,63.6,6.6,1.7,,,,,,
168,Romeo Langford,G,32,34.1,16.5,5.5,12.3,44.8,1.1,3.9,27.2,4.4,6.1,72.2,5.4,2.3,Yes,14.0,2019.0,Yes,14.0,2019.0
170,Admiral Schofield,G,37,31.7,16.5,6.4,13.6,47.4,2.0,4.8,41.8,1.6,2.3,69.8,6.1,2.0,Yes,42.0,2019.0,Yes,42.0,2019.0
171,Tyler Seibring,F,32,32.6,16.5,6.0,12.4,48.2,2.4,5.8,41.2,2.1,2.7,80.0,5.9,1.5,,,,,,
172,Romone Saunders,G,30,34.6,16.5,4.8,12.9,37.0,2.1,6.6,32.2,4.8,5.7,84.2,7.2,3.6,,,,,,
173,Jason Carter,F,31,31.1,16.5,5.8,12.1,48.1,0.7,2.2,34.3,4.1,5.7,71.8,6.7,2.0,,,,,,
174,Nijal Pearson,G,33,33.3,16.4,5.8,13.8,42.1,2.4,6.3,38.6,2.4,3.4,69.0,5.1,1.4,,,,,,
174,Matt Lewis,G,33,36.3,16.4,5.1,13.2,38.5,1.8,5.6,32.6,4.4,5.5,81.1,4.2,3.0,,,,,,
176,Stuckey Mosley,G,33,35.1,16.4,5.9,14.7,39.9,2.9,7.8,36.8,1.8,2.5,71.6,3.8,2.3,,,,,,
177,James Batemon,G,34,35.3,16.4,5.1,12.1,42.1,1.3,4.4,28.5,4.9,5.9,82.2,3.1,3.6,,,,,,
178,Josh Ajayi,F,33,31.2,16.4,6.0,10.7,56.0,0.5,1.1,44.4,3.9,5.6,70.3,7.4,1.6,,,,,,
179,Josh Sharkey,G,33,35.4,16.3,5.3,11.9,44.4,0.9,2.9,30.9,4.8,6.4,75.0,3.8,7.2,,,,,,
179,Jordan Burns,G,30,32.9,16.3,5.6,12.7,43.8,2.6,6.6,39.4,2.6,3.2,82.1,3.0,5.7,,,,,,
181,Quinton Rose,G,33,34.7,16.3,6.2,15.2,40.8,1.2,4.5,27.5,2.7,3.9,68.5,3.8,2.5,,,,,,
182,Jayden Gardner,F,31,30.5,16.3,5.4,10.9,49.3,0.1,0.3,20.0,5.5,7.4,75.0,8.5,1.3,,,,,,
183,Justin Forrest,G,30,29.0,16.2,5.0,12.3,40.7,2.1,5.9,36.2,4.1,5.7,72.4,3.3,2.5,,,,,,
184,Jacob Gilyard,G,31,37.3,16.2,5.7,12.1,47.2,2.4,6.6,36.3,2.4,3.1,77.1,2.9,5.2,,,,,,
185,Nickeil Alexander-Walker,SG,34,34.4,16.2,5.6,11.8,47.4,1.7,4.6,37.4,3.3,4.2,77.8,4.1,4.0,Yes,17.0,2019.0,Yes,17.0,2019.0
186,Jaylen Nowell,G,36,34.4,16.2,6.1,12.1,50.2,1.4,3.2,44.0,2.6,3.4,77.9,5.3,3.1,Yes,43.0,2019.0,Yes,43.0,2019.0
187,Chris Lykes,G,32,33.8,16.2,5.3,13.2,40.6,1.9,6.0,31.8,3.6,4.6,78.1,2.7,3.2,,,,,,
188,Jordan Lyons,G,33,32.9,16.2,5.6,14.2,39.6,3.2,9.2,34.7,1.8,2.3,76.3,2.2,2.3,,,,,,
189,Nike Sibande,G,32,30.1,16.1,5.2,13.1,39.4,2.4,7.2,32.9,3.4,4.9,69.6,5.1,1.2,,,,,,
190,Luguentz Dort,G,34,31.5,16.1,5.1,12.6,40.5,1.6,5.2,30.7,4.3,6.1,70.0,4.3,2.3,,,,,,
191,Stephen Thompson Jr,G,31,36.6,16.1,5.9,13.8,42.8,2.0,6.4,30.8,2.3,3.0,75.5,4.2,3.2,,,,,,
191,DeVon Baker,G,31,33.9,16.1,5.9,14.8,39.7,1.2,3.8,30.3,3.2,3.9,81.7,2.7,3.0,,,,,,
193,Nico Carvacho,C,32,31.6,16.1,6.8,11.4,59.2,0.0,0.1,0.0,2.6,5.2,49.1,12.9,2.1,,,,,,
194,Coby White,G,35,28.5,16.1,5.4,12.7,42.2,2.3,6.6,35.3,3.0,3.7,80.0,3.5,4.1,Yes,7.0,2019.0,Yes,7.0,2019.0
195,Luwane Pipkins,G,25,31.1,16.0,5.0,14.4,34.7,1.9,6.8,28.1,4.1,5.1,80.5,4.9,5.2,,,,,,
196,Kevin Larkin,G,26,33.6,16.0,6.2,15.7,39.4,1.7,5.6,29.5,2.0,2.7,75.4,8.8,1.7,,,,,,
197,Steve Santa Ana,G,31,31.5,16.0,5.4,11.7,46.0,2.3,6.3,36.6,2.9,4.2,70.5,6.3,2.7,,,,,,
197,Keith Braxton,G,33,34.3,16.0,5.5,12.1,45.7,1.2,3.7,33.9,3.7,4.8,76.9,9.8,3.8,,,,,,
197,Cameron Healy,G,32,34.5,16.0,5.2,12.3,42.3,3.3,7.8,41.6,2.4,2.7,88.4,3.8,2.4,,,,,,
197,Noah Horchler,F,28,31.2,16.0,6.9,12.8,53.8,0.8,2.5,29.6,1.5,3.0,51.2,9.3,1.3,,,,,,
201,Devin Watson,G,34,34.0,16.0,4.9,12.4,39.9,2.6,6.9,38.2,3.5,4.6,74.7,3.1,4.2,,,,,,
201,Alpha Diallo,G,34,35.5,16.0,5.2,12.3,42.0,1.2,3.5,33.3,4.4,6.6,67.4,8.1,3.1,,,,,,
203,Rapolas Ivanauskas,F,35,30.2,15.9,5.9,11.4,51.7,1.2,2.8,43.4,2.9,3.7,77.7,7.8,1.6,,,,,,
203,Adam Flagler,G,35,31.2,15.9,5.5,12.6,43.4,3.0,7.9,38.2,2.0,2.4,83.5,3.5,1.3,,,,,,
205,B.J. Taylor,G,33,34.4,15.9,4.2,11.0,38.4,1.8,5.0,37.2,5.7,7.3,77.9,2.3,3.2,,,,,,
205,Marlain Veal,G,33,31.2,15.9,4.5,11.8,37.9,2.1,6.0,35.2,4.8,5.9,82.5,3.4,4.5,,,,,,
207,Bryce Brown,G,40,32.1,15.9,5.1,11.7,43.7,3.5,8.6,41.0,2.2,2.7,80.7,2.1,1.9,,,,,,
208,Jalen McDaniels,F,34,31.0,15.9,6.2,13.4,46.6,0.7,2.2,32.0,2.7,3.7,73.2,8.3,2.1,Yes,52.0,2019.0,Yes,52.0,2019.0
209,Phil Fayne,F,33,28.9,15.9,6.0,11.1,54.2,0.0,0.0,0.0,3.8,5.8,65.3,6.3,0.8,,,,,,
210,Evan Fisher,F,31,33.2,15.9,6.6,13.5,48.8,0.5,2.1,23.1,2.2,3.0,72.0,6.0,1.5,,,,,,
211,David Collins,G,37,33.6,15.9,4.5,11.3,40.0,1.3,4.1,31.3,5.6,7.9,70.3,3.8,3.1,,,,,,
212,Rickey McGill,G,33,37.2,15.8,5.2,11.1,47.3,1.4,4.1,35.1,3.9,5.2,76.0,4.5,4.8,,,,,,
213,Nathan Sestina,F,31,27.7,15.8,6.0,11.1,53.6,1.3,3.5,38.0,2.6,3.2,80.8,8.5,1.2,,,,,,
214,Darius Roy,G,29,35.0,15.8,5.7,12.6,44.9,1.6,3.8,40.5,3.0,3.5,84.3,4.1,4.1,,,,,,
215,Malik Moore,F,28,28.9,15.8,5.6,12.1,45.9,1.6,5.3,29.7,3.1,4.4,70.2,6.9,2.3,,,,,,
216,Eric Carter,F,32,32.0,15.8,5.9,10.3,57.9,0.1,0.2,40.0,3.9,5.3,73.8,9.7,2.3,,,,,,
217,Jalen Pickett,G,33,37.1,15.8,5.6,12.8,43.6,2.0,5.7,34.8,2.7,3.6,74.6,4.6,6.7,,,,,,
218,Troy Harper,G,28,30.1,15.8,4.6,11.9,38.9,0.8,3.3,24.7,5.7,7.3,77.6,3.2,2.3,,,,,,
219,Kalin Fisher,G,35,34.7,15.8,5.2,13.0,40.0,1.6,5.1,31.1,3.8,4.7,80.6,4.7,3.2,,,,,,
220,Jordan Walker,G,33,33.0,15.8,5.1,12.1,42.1,2.2,5.5,39.8,3.4,4.3,78.9,3.5,2.6,,,,,,
221,Carlik Jones,G,31,34.2,15.7,5.9,12.7,46.3,0.7,2.9,24.7,3.2,4.3,75.8,5.2,5.8,,,,,,
222,Ty-Shon Alexander,G,34,32.9,15.7,5.2,12.7,40.6,2.9,7.8,36.5,2.5,3.1,79.4,4.0,2.7,,,,,,
223,Desmond Cambridge Jr,G,30,28.7,15.7,5.4,14.5,37.2,2.5,8.0,31.8,2.4,3.1,77.2,3.8,0.9,,,,,,
224,Marvin Prochet,F,29,32.2,15.7,5.2,12.3,42.1,2.6,6.1,42.1,2.8,4.0,69.6,7.3,1.7,,,,,,
225,Ahmad Clark,G,32,30.8,15.7,4.9,13.2,37.1,1.8,5.8,31.4,4.1,5.2,78.3,4.3,4.3,,,,,,
226,Jake Toolson,G,35,33.3,15.7,5.4,10.0,53.7,2.0,4.4,44.8,2.9,3.5,85.1,4.5,2.3,,,,,,
227,Michael Flowers,G,32,31.3,15.7,4.7,12.2,38.7,2.0,6.1,33.2,4.2,5.3,78.4,3.9,3.3,,,,,,
228,Jarkel Joiner,G,34,32.2,15.6,6.1,13.6,45.1,1.5,4.0,37.0,1.9,2.7,71.0,3.6,1.4,,,,,,
229,Aubrey Dawkins,G,33,33.4,15.6,5.5,11.8,46.3,2.2,5.5,40.3,2.5,2.9,83.5,5.0,1.4,,,,,,
230,Anthony Cowan Jr,G,34,34.7,15.6,4.9,12.6,39.3,2.1,6.1,33.7,3.7,4.6,80.6,3.7,4.4,,,,,,
231,Jeremiah Paige,G,31,33.7,15.6,5.5,12.1,45.7,2.1,5.4,38.9,2.4,3.0,80.6,3.5,3.1,,,,,,
231,Justin Ravenel,G,31,35.2,15.6,5.1,11.0,45.9,3.4,7.2,46.4,2.1,2.5,85.7,2.3,1.3,,,,,,
233,Adam Grant,G,30,35.5,15.6,5.4,13.1,41.2,2.7,6.9,38.6,2.1,2.7,79.0,2.9,1.5,,,,,,
234,Gary Blackston,G,34,31.2,15.6,5.2,12.1,42.9,1.4,4.2,34.3,3.8,5.7,65.6,7.0,1.9,,,,,,
235,Jaelan Sanford,G,33,33.4,15.5,5.8,13.7,42.5,1.6,5.1,32.3,2.3,2.7,84.3,4.2,3.2,,,,,,
235,Anthony Adger,G,33,32.4,15.5,4.7,12.8,36.4,2.8,8.2,34.3,3.4,4.1,82.4,4.2,2.6,,,,,,
237,Juwan Morgan,F,35,29.8,15.5,6.1,11.0,55.8,0.7,2.5,29.5,2.5,3.9,64.7,8.2,1.9,,,,,,
237,Michael Ertel,G,35,36.3,15.5,5.5,12.5,43.8,2.3,5.1,44.4,2.3,2.6,90.1,3.0,2.8,,,,,,
239,JD Notae,G,32,29.1,15.5,5.5,13.0,42.7,1.9,6.1,32.0,2.5,3.5,73.0,6.2,3.4,,,,,,
240,Jamaal King,G,33,32.1,15.5,5.3,12.2,43.7,1.6,4.5,36.5,3.2,4.3,75.2,2.3,4.1,,,,,,
240,Xavier Johnson,G,33,31.8,15.5,4.8,11.6,41.5,1.1,3.2,35.2,4.8,6.3,75.1,3.9,4.5,,,,,,
242,Josiah Wallace,G,32,32.7,15.5,5.4,13.2,41.1,1.9,5.4,35.3,2.8,3.5,80.2,3.9,2.9,,,,,,
243,DaQuan Bracey,G,31,31.1,15.5,5.6,13.2,42.6,1.5,4.9,31.1,2.7,4.4,63.0,3.2,4.0,,,,,,
244,Tarkus Ferguson,G,32,36.5,15.5,5.1,12.4,41.0,3.1,8.5,36.8,2.2,2.9,75.0,6.8,5.2,,,,,,
245,Skyler Flatten,G,33,36.5,15.5,5.6,10.8,51.7,2.5,5.8,44.0,1.7,2.5,68.3,3.8,2.2,,,,,,
246,Kyle Guy,G,38,35.4,15.4,5.2,11.6,44.9,3.2,7.4,42.6,1.8,2.2,83.3,4.5,2.1,Yes,55.0,2019.0,Yes,55.0,2019.0
247,Xavier Bishop,G,31,33.8,15.4,5.2,12.2,42.7,2.0,5.6,35.3,3.0,3.8,79.7,2.7,3.8,,,,,,
248,Chris Knight,F,30,28.2,15.4,6.4,12.8,49.9,0.3,0.9,28.6,2.3,3.7,61.6,6.8,2.4,,,,,,
249,Brian Warren,G,33,29.8,15.4,5.3,13.4,39.7,1.6,5.2,30.4,3.1,3.9,80.5,2.6,3.6,,,,,,
250,Lavelle Scottie,F,32,31.4,15.3,6.3,13.0,48.7,1.0,3.5,29.7,1.7,2.8,60.7,5.6,1.3,,,,,,
251,Jared Harper,G,40,32.9,15.3,4.6,11.5,39.9,2.5,6.6,37.0,3.7,4.5,82.8,2.5,5.8,,,,,,
252,Jeff Dowtin Jr,G,33,36.5,15.3,5.8,12.1,47.5,1.4,3.9,35.4,2.4,3.2,74.5,3.4,3.7,,,,,,
252,Devon Andrews,F,33,26.2,15.3,5.4,11.0,49.3,1.1,3.1,35.6,3.4,4.7,71.2,5.1,1.4,,,,,,
254,Nick Honor,G,32,36.1,15.3,5.4,14.6,37.3,2.2,6.6,33.2,2.2,2.7,81.6,2.4,3.0,,,,,,
255,Tremont Waters,G,33,32.4,15.3,5.2,12.1,43.0,1.7,5.2,32.7,3.2,3.9,81.3,2.8,5.8,Yes,51.0,2019.0,Yes,51.0,2019.0
256,Marques Townes,G,34,33.7,15.3,5.6,12.1,46.6,1.1,3.3,34.5,2.8,3.7,76.2,5.0,3.6,,,,,,
257,Javon Bess,G,36,36.8,15.3,4.8,12.1,39.4,1.8,5.6,32.5,3.9,4.9,79.0,6.8,1.8,,,,,,
258,De'Andre Hunter,G,38,32.5,15.2,5.4,10.4,52.0,1.2,2.8,43.8,3.2,4.1,78.3,5.1,2.0,Yes,4.0,2019.0,Yes,4.0,2019.0
259,Malik Fitts,F,34,31.0,15.2,5.4,11.3,47.5,1.7,4.2,40.6,2.8,3.6,77.0,7.6,0.9,,,,,,
260,Jordan Heading,G,31,32.4,15.2,5.6,12.3,46.1,1.9,5.4,36.1,2.0,2.4,82.7,3.9,2.6,,,,,,
261,Roberto Gallinat,G,32,27.7,15.2,3.9,9.0,43.4,1.8,4.8,38.2,5.6,6.5,85.6,3.1,0.6,,,,,,
262,Desmond Bane,G,37,35.5,15.2,5.8,11.6,50.2,1.8,4.3,42.5,1.8,2.0,86.7,5.7,2.4,Yes,30.0,2020.0,,,
263,Kason Harrell,G,33,30.2,15.2,5.9,11.8,50.4,1.8,4.4,39.7,1.6,2.3,67.5,3.5,1.8,,,,,,
264,Travis Munnings,F,35,36.4,15.2,5.3,11.6,45.4,2.1,5.4,38.1,2.6,3.5,74.8,7.8,2.6,,,,,,
265,Isaiah Miller,G,36,27.9,15.2,6.4,12.4,51.3,0.6,2.2,28.2,1.8,3.3,55.6,4.5,2.1,,,,,,
266,Chris Silva,F,32,26.8,15.2,4.7,9.2,50.8,0.7,1.4,50.0,5.1,6.8,74.4,7.6,0.9,,,,,,
266,Nick McGlynn,F,32,28.9,15.2,5.8,10.7,54.0,0.5,2.1,23.5,3.2,4.2,75.6,8.3,1.4,,,,,,
268,Terence Davis,G,33,31.0,15.2,5.4,12.2,44.4,2.0,5.3,37.1,2.4,3.1,77.2,5.8,3.5,,,,,,
269,TJ Shorts,G,29,33.1,15.2,5.6,11.3,49.7,0.4,1.5,27.9,3.5,4.9,71.8,4.7,4.3,,,,,,
270,P.J. Washington,F,35,29.3,15.2,5.4,10.4,52.2,0.9,2.2,42.3,3.4,5.1,66.3,7.5,1.8,Yes,12.0,2019.0,Yes,12.0,2019.0
271,Devontae Cacok,F,33,28.8,15.2,6.2,10.4,59.0,0.0,0.0,100.0,2.8,4.7,60.0,12.3,0.6,,,,,,
272,SaBastian Townes,F,30,29.1,15.1,5.3,11.5,46.2,1.0,2.8,34.5,3.6,5.4,65.6,4.9,1.2,,,,,,
273,Loudon Love,C,34,27.0,15.1,6.1,12.4,49.8,0.0,0.0,0.0,2.8,4.5,62.5,8.2,0.9,,,,,,
274,Francois Lewis,F,35,27.3,15.1,5.1,10.9,46.7,2.3,5.9,38.8,2.6,3.5,74.8,5.0,1.6,,,,,,
274,Sayeed Pridgett,G,35,29.6,15.1,6.6,10.9,60.5,0.5,1.2,46.3,1.4,2.5,57.0,4.9,2.2,,,,,,
274,Jose Perez,G,35,31.4,15.1,5.0,11.2,44.8,1.5,4.0,38.1,3.6,5.1,70.2,5.7,3.0,,,,,,
277,Courtney Stockard,F,29,33.7,15.1,5.2,12.9,40.5,1.4,4.7,29.9,3.2,4.2,76.4,5.4,3.5,,,,,,
278,Kerwin Roach,G,30,30.1,15.1,5.2,11.8,44.1,1.8,5.1,35.5,2.9,4.2,68.8,4.4,3.3,,,,,,
279,Tahj Eaddy,G,31,35.5,15.0,4.9,12.2,40.1,2.5,6.5,37.9,2.7,3.4,80.2,2.7,3.2,,,,,,
279,Holland Woods,G,31,35.6,15.0,4.8,12.1,39.8,1.2,4.3,28.6,4.2,5.4,77.8,3.0,5.3,,,,,,
281,Pookie Powell,G,26,32.0,15.0,5.0,12.5,39.7,1.8,5.4,33.3,3.3,3.8,85.0,3.7,2.7,,,,,,
281,Vic Law,F,30,33.4,15.0,5.0,12.7,39.6,1.9,5.6,33.5,3.1,3.9,78.6,6.4,3.0,,,,,,
281,Elijah Pemberton,G,34,35.4,15.0,4.5,10.0,44.9,1.3,3.6,35.0,4.7,6.2,76.7,4.8,2.3,,,,,,
284,AJ Green,G,34,29.9,15.0,5.4,13.2,41.0,2.1,6.0,34.8,2.1,2.4,86.4,3.0,2.3,,,,,,
285,Josh Nzeakor,F,32,31.0,15.0,5.8,9.4,61.8,0.0,0.0,0.0,3.3,5.7,58.5,7.8,0.7,,,,,,
286,Ahmaad Rorie,G,35,34.7,14.9,5.5,11.9,46.6,1.8,5.1,35.6,2.1,2.5,80.9,4.1,4.1,,,,,,
286,Kerry Blackshear Jr,F,35,29.9,14.9,5.3,10.3,50.8,0.6,1.8,33.3,3.8,5.2,73.6,7.5,2.4,,,,,,
286,Bill Wampler,F,35,27.7,14.9,4.8,11.3,42.6,2.2,6.1,36.4,3.1,3.8,81.1,3.4,1.2,,,,,,
289,Makai Mason,G,28,32.1,14.9,4.8,12.0,39.8,2.1,5.9,36.4,3.2,3.9,81.8,2.5,3.4,,,,,,
290,Zach Norvell Jr,G,37,30.7,14.9,4.9,11.3,43.4,2.6,7.1,37.0,2.5,2.8,86.7,4.3,3.1,,,,,,
291,Sam Hauser,F,34,33.4,14.9,5.1,11.1,45.9,2.6,6.4,40.2,2.1,2.3,92.4,7.2,2.4,,,,,,
292,Brian Parker,G,31,28.5,14.9,5.5,11.4,48.9,0.4,1.3,32.5,3.4,5.6,60.3,3.8,3.5,,,,,,
293,Deion Holmes,G,29,28.3,14.9,5.3,12.4,42.6,1.9,5.2,35.5,2.4,3.0,82.6,4.3,1.2,,,,,,
294,Luke Maye,F,36,30.9,14.9,5.5,12.8,43.0,1.0,3.5,28.8,2.9,3.7,77.4,10.5,2.3,,,,,,
295,Justin Pierce,G,28,34.3,14.9,5.5,11.9,46.4,1.6,4.9,32.4,2.2,3.8,59.0,8.9,4.1,,,,,,
296,Zack Bryant,G,34,33.4,14.9,5.3,12.2,43.5,1.4,4.5,32.0,2.8,4.1,68.1,3.5,3.9,,,,,,
297,Jordan Geist,G,32,33.8,14.8,4.8,11.0,44.0,2.0,5.8,35.3,3.1,4.1,75.8,4.6,3.0,,,,,,
297,Godwin Boahen,G,32,34.3,14.8,5.0,11.5,43.6,2.8,7.5,37.3,2.0,2.4,84.4,3.5,3.2,,,,,,
297,Marcus Ottey,G,32,31.5,14.8,5.6,11.4,49.2,0.8,2.5,30.4,2.9,4.0,73.2,3.5,2.4,,,,,,
300,Olin Carter,G,31,33.9,14.8,5.5,12.5,43.9,2.6,7.0,37.5,1.3,1.6,79.6,2.9,1.6,,,,,,
301,Cody John,G,33,31.8,14.8,5.5,11.5,48.3,1.2,3.5,34.2,2.5,3.3,76.9,3.8,2.2,,,,,,
301,Jalen Jordan,G,33,31.3,14.8,4.7,11.0,42.9,2.7,6.4,42.0,2.7,3.3,80.7,3.6,1.5,,,,,,
303,Kevin Obanor,F,27,23.2,14.8,4.9,8.4,58.1,1.0,2.3,41.3,4.1,4.9,82.7,7.4,0.5,,,,,,
304,Marcus Shaver Jr,G,32,31.4,14.8,4.7,11.7,40.4,1.6,4.5,35.9,3.8,4.8,78.4,3.3,2.2,,,,,,
305,Ignas Brazdeikis,F,37,29.7,14.8,5.1,11.0,46.2,1.5,3.9,39.2,3.1,4.1,77.3,5.4,0.8,Yes,47.0,2019.0,Yes,47.0,2019.0
306,Emmanuel Nzekwesi,F,26,27.5,14.8,6.2,11.6,53.5,0.3,1.3,26.5,2.1,3.1,67.5,8.5,1.2,,,,,,
307,Rob Marberry,F,34,24.0,14.8,6.4,10.1,63.0,0.0,0.0,0.0,2.1,3.1,67.0,4.1,1.9,,,,,,
307,Cameron Krutwig,C,34,28.2,14.8,6.2,9.9,62.9,0.0,0.1,33.3,2.3,4.0,57.8,7.2,2.4,,,,,,
309,Quan Jackson,G,31,32.1,14.8,5.1,11.5,44.1,1.5,4.6,33.1,3.1,4.2,73.6,4.5,1.5,,,,,,
310,Darrell Brown,G,35,33.6,14.8,4.7,11.9,39.4,2.3,5.1,44.4,3.1,4.3,73.8,1.9,3.2,,,,,,
311,Raasean Davis,C,34,29.7,14.8,6.3,9.7,64.5,0.0,0.0,0.0,2.2,3.2,70.4,9.1,0.5,,,,,,
312,Dikymbe Martin,G,33,32.5,14.8,5.4,11.3,47.3,2.1,4.7,44.2,2.0,2.3,85.5,2.8,2.6,,,,,,
313,Alihan Demir,F,32,30.3,14.8,5.8,11.3,51.2,0.6,2.3,27.4,2.5,3.6,69.6,6.4,2.9,,,,,,
314,Brandon Childress,G,31,36.4,14.7,4.2,11.0,38.3,2.4,6.5,36.8,3.9,4.9,79.6,3.8,4.0,,,,,,
315,Vado Morse,G,30,30.8,14.7,4.7,11.3,41.7,1.9,5.4,35.6,3.4,4.4,77.9,2.6,2.9,,,,,,
316,Nick Rakocevic,F,33,30.0,14.7,5.8,10.5,54.8,0.0,0.1,0.0,3.2,4.7,67.9,9.3,1.3,,,,,,
317,Nick Muszynski,C,32,24.9,14.7,6.2,10.3,60.4,0.3,0.7,36.4,2.1,2.7,77.9,5.8,2.7,,,,,,
317,CJ Elleby,F,32,30.8,14.7,5.3,12.0,43.6,1.7,4.0,41.4,2.6,3.9,66.1,7.1,3.0,Yes,46.0,2020.0,,,
319,Frankie Ferrari,G,31,33.9,14.7,4.9,11.5,42.6,2.4,5.9,40.1,2.5,3.0,85.9,3.2,5.5,,,,,,
320,Cyril Langevine,F,33,32.5,14.7,5.4,9.5,56.7,0.0,0.1,0.0,3.9,6.5,60.0,9.9,0.9,,,,,,
321,Nick Perkins,F,36,26.3,14.7,5.1,10.9,46.7,1.3,3.5,37.3,3.2,4.7,67.1,7.4,0.7,,,,,,
322,Naji Marshall,F,33,35.9,14.7,5.0,12.8,39.4,1.5,5.2,27.7,3.2,4.4,72.2,7.2,3.4,,,,,,
323,Barry Brown Jr,G,34,35.0,14.6,5.4,12.5,43.3,1.2,4.1,29.8,2.6,3.6,71.0,4.1,2.8,,,,,,
323,Jordan Roland,G,34,30.5,14.6,4.9,10.9,45.1,2.9,7.2,40.2,1.9,2.1,90.3,2.4,1.7,,,,,,
325,Obadiah Noel,G,31,28.9,14.6,5.2,10.0,51.8,0.8,2.5,32.1,3.5,4.8,72.7,3.5,2.0,,,,,,
326,Justin Jaworski,G,30,30.6,14.6,4.7,9.4,50.5,2.8,5.8,48.9,2.3,2.7,86.4,2.9,2.7,,,,,,
327,Kaleb Wesson,F,32,25.9,14.6,4.9,9.8,50.0,0.8,2.3,34.7,4.1,5.5,73.4,6.9,1.8,,,,,,
328,Jamari Blackmon,G,32,35.3,14.6,4.3,13.2,32.5,2.1,7.3,29.1,3.9,5.1,76.7,3.5,2.7,,,,,,
329,Jesse Hunt,F,34,32.4,14.6,5.1,10.4,48.7,1.5,3.5,42.0,2.9,3.9,75.2,8.7,3.3,,,,,,
330,Mustapha Heron,G,31,31.7,14.6,4.9,11.2,44.0,1.5,3.8,40.3,3.2,4.2,75.4,4.6,1.3,,,,,,
331,John Carroll,F,30,31.8,14.6,5.0,11.4,44.0,1.2,3.4,35.6,3.4,4.7,72.1,6.8,2.1,,,,,,
331,Jordan Barnes,G,30,33.1,14.6,4.5,12.0,37.5,1.9,5.7,33.3,3.7,4.2,86.6,4.1,3.2,,,,,,
333,Christian James,G,34,33.1,14.6,5.1,12.3,41.1,2.0,5.9,34.7,2.4,3.1,76.6,6.2,1.9,,,,,,
333,Charles Bassey,C,34,31.4,14.6,5.5,8.8,62.7,0.3,0.6,45.0,3.2,4.2,76.9,10.0,0.7,Yes,53.0,2021.0,,,
335,Charles Minlend,G,31,30.3,14.5,5.1,12.3,41.6,1.4,4.9,28.8,2.9,4.1,69.5,4.7,1.7,,,,,,
336,Alex Petrie,G,30,22.2,14.5,5.3,12.8,41.0,2.2,5.4,39.9,1.8,2.3,78.6,1.9,1.0,,,,,,
337,Cameron Jackson,F,35,23.3,14.5,5.7,9.9,57.3,0.2,0.6,40.0,2.9,4.7,61.6,7.6,2.8,,,,,,
338,Tyler Cook,F,33,31.0,14.5,5.3,10.3,51.0,0.0,0.2,0.0,3.9,6.1,64.4,7.6,2.4,,,,,,
338,Justin Kier,G,33,34.8,14.5,5.2,11.0,47.1,1.0,2.7,37.1,3.1,4.1,76.9,6.5,2.6,,,,,,
340,Lance Tejada,G,31,30.2,14.5,4.8,11.6,41.7,2.7,6.6,41.7,2.1,2.6,79.0,2.4,3.3,,,,,,
340,DeJuan Clayton,G,31,34.4,14.5,4.6,11.5,39.9,1.0,4.2,24.0,4.3,5.8,74.9,2.9,3.8,,,,,,
342,Nik Popovic,F,28,29.5,14.5,5.8,11.0,52.6,0.4,1.5,25.6,2.5,3.5,71.4,7.2,1.1,,,,,,
343,Josh Williams,G,35,32.3,14.5,4.6,11.8,39.1,2.9,7.8,37.9,2.3,2.9,76.7,2.9,2.4,,,,,,
344,Jordan Murphy,F,36,31.1,14.4,4.8,9.9,48.7,0.2,0.8,26.7,4.6,6.7,68.3,11.0,2.6,,,,,,
345,LJ Figueroa,G,34,32.0,14.4,5.9,11.4,51.3,1.5,3.9,38.3,1.2,2.0,62.7,6.4,1.7,,,,,,
346,Levi Bradley,F,34,29.2,14.4,5.4,11.0,49.5,0.9,2.4,36.1,2.6,3.2,82.6,5.2,1.3,,,,,,
346,Taveion Hollingsworth,G,34,36.8,14.4,5.1,12.3,41.8,1.4,4.5,31.8,2.7,3.5,77.1,4.4,2.2,,,,,,
346,Kyle Lofton,G,34,37.4,14.4,5.2,11.8,44.1,1.1,3.4,33.0,2.9,3.4,83.8,2.5,3.7,,,,,,
349,Anthony Mathis,G,32,30.8,14.4,4.2,10.2,41.1,3.3,8.0,41.6,2.7,3.1,88.8,2.2,2.1,,,,,,
350,Tyler Sharpe,G,35,32.1,14.4,4.4,10.4,42.4,2.6,6.7,38.3,3.0,3.9,77.9,3.0,1.8,,,,,,
350,Stanley Umude,G,30,26.6,14.4,5.2,10.6,49.1,0.9,2.5,35.1,3.1,4.5,70.1,5.5,1.4,,,,,,
352,Obi Toppin,F,33,26.5,14.4,6.1,9.2,66.6,0.3,0.6,52.4,1.9,2.6,71.3,5.6,1.8,Yes,8.0,2020.0,,,
353,Jomaru Brown,G,31,24.8,14.4,5.1,11.6,43.9,1.2,3.7,33.0,3.0,4.4,67.6,3.0,2.2,,,,,,
354,Jr. Clay,G,29,31.6,14.4,4.8,11.7,41.1,1.3,3.4,39.4,3.4,4.8,71.9,3.8,4.3,,,,,,
355,Justice Sueing,F,31,34.5,14.3,4.5,10.5,43.2,1.1,3.7,30.2,4.2,5.3,78.2,6.0,2.0,,,,,,
356,George Blagojevic,F,32,33.5,14.3,5.8,10.3,56.2,0.2,0.9,20.7,2.6,4.4,57.7,7.5,1.9,,,,,,
357,Chad Lott,G,30,30.4,14.3,5.7,11.9,48.3,0.5,1.2,42.9,2.3,3.4,68.0,5.1,2.3,,,,,,
357,Edric Dennis,G,30,28.4,14.3,4.4,12.5,34.9,2.1,6.9,30.6,3.5,4.6,75.9,4.5,2.3,,,,,,
359,Nic Thomas,G,34,29.7,14.3,4.0,10.8,37.4,2.5,6.4,39.4,3.7,4.6,80.8,3.3,1.6,,,,,,
360,Paul Jackson,G,32,34.9,14.3,5.2,13.8,37.5,0.7,2.8,23.1,3.3,4.7,71.1,2.0,4.6,,,,,,
360,E.J. Anosike,F,32,29.1,14.3,4.9,9.4,51.8,0.6,1.7,35.8,3.9,5.2,75.9,8.1,0.9,,,,,,
362,Donte Fitzpatrick-Dorsey,G,26,28.2,14.3,4.8,10.7,44.6,1.5,4.0,38.1,3.2,4.3,74.1,5.4,1.5,,,,,,
363,Zane Najdawi,F,30,29.7,14.3,5.1,10.4,49.2,0.9,3.0,28.9,3.1,4.3,72.9,7.3,1.5,,,,,,
364,Carlos Johnson,G,34,24.3,14.3,4.9,10.0,49.0,0.9,2.9,32.7,3.6,4.6,78.1,4.1,1.6,,,,,,
365,Tulio Da Silva,F,27,32.1,14.3,5.6,10.0,55.4,0.6,1.7,37.0,2.5,3.9,65.4,7.4,0.7,,,,,,
366,Christian Vital,G,33,30.1,14.2,4.5,10.0,45.3,2.4,5.8,40.9,2.8,3.4,81.3,5.6,2.4,,,,,,
367,Brandon Boyd,G,30,29.9,14.2,5.0,12.1,41.0,1.2,4.0,29.2,3.1,3.9,79.7,2.5,3.6,,,,,,
368,Daniel Utomi,G,33,33.7,14.2,4.9,12.2,40.3,2.8,7.5,37.3,1.6,2.3,67.5,5.5,1.3,,,,,,
369,Kevin Easley Jr,F,29,28.1,14.2,5.3,12.0,44.4,1.7,4.3,39.7,1.9,2.9,65.1,6.7,1.2,,,,,,
370,Tre'Larenz Nottingham,G,34,31.4,14.2,4.3,12.1,35.6,2.6,8.3,31.0,3.0,3.9,76.9,3.9,2.1,,,,,,
371,Fatts Russell,G,32,34.1,14.2,4.7,13.8,33.8,1.3,5.6,22.3,3.6,4.9,73.7,2.7,3.7,,,,,,
372,Jaylen Hands,G,33,31.2,14.2,4.8,11.6,41.3,2.0,5.4,37.3,2.6,3.3,78.0,3.7,6.1,Yes,56.0,2019.0,Yes,56.0,2019.0
373,Alex Copeland,G,30,28.7,14.1,5.3,10.4,51.4,0.9,2.4,37.5,2.6,3.1,83.7,2.3,3.4,,,,,,
374,Kris Clyburn,G,31,31.4,14.1,4.9,11.4,43.5,1.8,5.1,35.0,2.5,3.2,76.0,5.3,1.2,,,,,,
374,Cletrell Pope,F,31,29.9,14.1,5.5,9.1,60.8,0.1,0.4,27.3,2.9,5.7,50.6,12.2,0.7,,,,,,
376,Schadrac Casimir,G,32,30.8,14.1,4.2,8.7,48.0,2.3,4.8,47.7,3.4,3.9,87.9,2.6,2.4,,,,,,
377,Teyvion Kirk,G,31,30.5,14.1,5.6,13.4,41.9,0.3,1.5,21.3,2.5,4.8,52.7,5.5,2.5,,,,,,
378,John Mooney,F,33,29.6,14.1,5.2,11.3,45.5,1.0,2.8,37.4,2.7,3.5,76.9,11.2,1.3,,,,,,
378,Terrell Brown Jr,G,33,33.4,14.1,5.5,12.0,45.5,0.4,1.3,31.8,2.7,4.0,68.2,6.8,4.5,,,,,,
380,Cortez Seales,G,30,31.7,14.0,5.8,12.3,47.0,0.4,1.8,22.6,2.0,3.1,64.9,4.8,3.1,,,,,,
381,Trevon Allen,G,32,30.3,14.0,5.4,12.7,42.5,1.4,4.3,32.6,1.8,2.5,73.4,4.2,3.1,,,,,,
382,Justinian Jessup,G,33,35.5,14.0,5.1,11.5,44.5,2.6,6.4,41.0,1.2,1.6,73.1,4.5,2.7,Yes,51.0,2020.0,,,
382,Morgan Means,G,33,35.4,14.0,4.3,11.0,39.3,1.9,5.1,36.9,3.5,4.1,85.2,4.3,3.0,,,,,,
384,Jeremy Harris,G,36,31.3,14.0,5.4,12.9,41.7,1.7,6.4,26.8,1.5,2.1,72.4,6.2,3.0,,,,,,
385,Tyler Herro,G,37,32.6,14.0,5.0,10.9,46.2,1.6,4.6,35.5,2.4,2.5,93.5,4.5,2.5,Yes,13.0,2019.0,Yes,13.0,2019.0
386,Torin Dorn,G,36,28.5,14.0,5.8,12.1,48.2,0.6,2.1,30.3,1.8,3.0,58.9,7.2,1.3,,,,,,
386,Gavin Peppers,G,24,31.3,14.0,4.4,10.6,41.2,2.3,6.0,38.6,2.9,3.2,92.1,2.9,2.2,,,,,,
388,Shabooty Phillips,G,34,31.3,14.0,4.4,10.8,40.4,2.2,6.3,34.4,3.1,3.5,89.0,4.7,3.8,,,,,,
389,Dererk Pardon,C,32,33.0,14.0,5.4,9.5,57.1,0.2,0.9,21.4,3.0,4.3,68.3,7.8,1.8,,,,,,
389,Eric Williams Jr,G,32,30.8,14.0,4.7,11.1,42.4,1.8,4.7,37.1,2.8,3.7,74.8,7.6,1.4,,,,,,
391,Triston Simpson,G,30,37.1,14.0,4.3,10.3,41.9,1.5,4.3,35.4,3.8,4.7,79.6,3.7,3.6,,,,,,
392,Loren Cristian Jackson,G,33,31.5,13.9,4.2,12.0,34.5,2.0,6.7,30.0,3.6,4.5,80.5,2.8,3.1,,,,,,
393,Kouat Noi,F,31,30.2,13.9,4.9,11.5,43.0,2.4,6.7,35.6,1.7,2.1,78.8,4.9,1.2,,,,,,
394,Jacob Grandison,G,33,34.6,13.9,5.1,11.9,42.9,2.1,5.7,36.5,1.6,2.0,80.0,5.0,2.9,,,,,,
395,Joe Sherburne,F,34,36.5,13.9,5.3,11.1,47.9,1.8,4.6,38.7,1.5,1.7,87.7,5.6,3.0,,,,,,
396,Savion Flagg,G,32,34.8,13.9,5.3,11.4,46.7,1.4,4.2,33.8,1.8,2.7,66.3,7.7,2.3,,,,,,
397,Devon Goodman,G,31,35.5,13.9,5.1,10.7,47.7,1.8,4.9,37.5,1.8,2.7,68.7,3.3,2.3,,,,,,
397,Carlos Dotson,F,31,27.8,13.9,5.5,9.2,59.6,0.0,0.0,0.0,2.9,5.5,52.6,9.5,1.5,,,,,,
399,Isaiah Joe,G,34,30.1,13.9,4.4,10.5,41.3,3.3,8.0,41.4,1.8,2.4,75.6,2.8,1.7,Yes,49.0,2020.0,,,
400,Ishmael Lane,C,31,28.1,13.8,5.4,10.7,50.3,0.5,2.1,26.2,2.5,4.2,60.5,9.5,1.4,,,,,,
400,Brandon Jackson,F,31,29.4,13.8,5.6,10.8,51.8,0.4,1.3,28.2,2.3,3.5,63.6,6.4,0.4,,,,,,
402,Brandon Kamga,G,24,29.7,13.8,5.2,11.8,43.8,1.6,4.6,35.1,1.9,3.0,62.5,5.2,1.8,,,,,,
403,Andrew Fleming,F,28,36.5,13.8,5.5,11.5,47.8,0.9,2.6,32.9,2.0,3.5,56.1,7.0,3.1,,,,,,
404,Tyree Griffin,G,33,34.5,13.8,5.0,11.5,43.5,1.6,4.4,37.2,2.2,3.0,72.0,3.4,7.1,,,,,,
405,Ernie Duncan,G,32,29.5,13.8,4.4,9.3,47.8,2.5,5.6,43.9,2.5,3.0,83.2,1.7,2.0,,,,,,
405,Kareem South,G,32,32.6,13.8,4.8,11.7,41.3,1.6,4.3,36.7,2.5,3.1,82.7,5.1,2.0,,,,,,
405,Ayo Dosunmu,G,32,31.1,13.8,5.1,11.7,43.5,1.6,4.4,35.2,2.1,3.0,69.5,4.0,3.3,Yes,38.0,2021.0,,,
408,Bernie Andre,F,31,29.9,13.8,5.1,11.4,44.9,0.9,2.8,33.0,2.7,3.6,74.1,8.5,1.2,,,,,,
409,Jaren Lewis,F,34,31.1,13.8,5.2,11.2,46.6,0.4,1.2,33.3,2.9,4.0,73.3,6.1,2.7,,,,,,
410,Eugene Omoruyi,F,28,29.1,13.8,5.0,11.3,44.5,0.5,1.6,31.1,3.2,4.5,71.4,7.2,2.4,,,,,,
411,Darius Quisenberry,G,32,27.2,13.8,4.4,10.8,41.0,1.6,5.0,31.9,3.3,4.2,79.7,2.9,3.8,,,,,,
412,Kyle Leufroy,G,31,31.2,13.8,4.4,9.3,46.7,1.8,4.2,42.7,3.3,3.6,91.0,5.2,3.4,,,,,,
413,Dante Thorpe,G,33,32.3,13.8,5.1,9.7,53.0,0.8,2.1,40.0,2.7,3.3,80.0,2.8,2.5,,,,,,
414,Matt Wilson,F,32,26.5,13.8,5.8,10.0,58.6,0.0,0.0,0.0,2.1,3.3,61.7,8.6,0.4,,,,,,
414,Tyler Scanlon,F,32,33.5,13.8,5.2,11.2,46.2,1.6,4.6,34.2,1.9,2.3,80.0,5.0,3.3,,,,,,
414,Gabe Stefanini,G,28,32.0,13.8,5.1,11.8,42.9,1.5,3.5,42.3,2.1,2.8,77.9,5.3,4.1,,,,,,
417,D.J. Williams,G,31,33.5,13.7,5.1,12.7,40.1,0.9,3.0,29.8,2.6,4.0,65.6,4.7,1.2,,,,,,
417,Maurice Howard,G,31,36.5,13.7,4.6,11.0,42.4,3.1,7.5,40.6,1.4,1.5,89.6,3.3,3.5,,,,,,
417,Josip Vrankic,F,31,32.2,13.7,5.0,9.7,52.0,0.5,1.8,30.9,3.1,4.3,72.9,6.2,1.3,,,,,,
420,Trent Frazier,G,32,30.6,13.7,4.6,11.3,41.1,2.5,6.2,40.6,2.0,2.6,75.9,2.3,2.6,,,,,,
421,Tramaine Isabell,G,35,32.6,13.7,4.7,11.4,41.1,1.5,4.7,32.5,2.8,3.9,71.0,4.1,3.6,,,,,,
422,Jalen Tate,G,31,27.0,13.7,5.1,9.5,53.9,0.8,1.9,40.7,2.7,4.4,61.0,4.4,4.1,,,,,,
423,Elijah Hughes,F,34,32.6,13.7,4.6,10.9,42.0,2.6,6.9,36.9,2.0,2.7,74.2,4.3,1.5,Yes,39.0,2020.0,,,
424,Anthony Harris,G,30,33.1,13.7,4.3,9.9,43.1,0.9,2.8,32.9,4.2,5.5,77.0,5.1,2.1,,,,,,
425,JayQuan McCloud,G,36,27.2,13.7,4.6,10.4,44.5,2.1,5.4,39.3,2.3,2.8,83.2,2.7,2.3,,,,,,
426,Ethan Thompson,G,31,34.4,13.7,4.3,9.7,44.4,1.4,3.8,35.9,3.7,4.6,79.7,5.0,3.9,,,,,,
427,Jeantal Cylla,F,33,28.2,13.7,4.7,11.1,42.7,1.0,3.2,31.1,3.2,3.8,84.8,4.6,0.5,,,,,,
428,Malik Maitland,G,29,29.8,13.7,4.6,12.3,37.6,1.5,4.8,31.9,2.9,3.4,84.0,2.8,4.4,,,,,,
429,Glynn Watson Jr,G,36,34.4,13.6,4.9,11.9,41.4,2.3,5.9,38.3,1.5,1.9,79.1,4.1,3.1,,,,,,
430,Mitchell Hahn,F,32,31.9,13.6,5.2,11.1,46.8,1.8,4.7,37.6,1.5,1.9,77.4,6.3,1.7,,,,,,
431,Mason Jones,G,34,29.3,13.6,4.0,9.9,40.4,2.2,6.1,36.5,3.4,4.2,80.4,3.9,2.8,,,,,,
431,Naz Reid,F,34,27.2,13.6,5.0,10.7,46.8,0.8,2.5,33.3,2.7,3.8,72.7,7.2,0.9,,,,,,
433,Isaiah Wright,G,31,37.8,13.6,4.4,10.0,44.1,1.6,4.8,32.7,3.2,4.1,78.6,4.1,4.7,,,,,,
434,Evan Gilyard,G,28,32.6,13.6,4.3,11.4,37.5,2.0,5.5,35.5,3.1,4.3,72.3,3.1,1.7,,,,,,
435,Jahlil Jenkins,G,35,36.9,13.6,4.6,10.7,42.8,1.2,3.7,32.8,3.2,3.6,88.1,3.1,4.5,,,,,,
436,K.J. Riley,G,32,32.9,13.6,3.9,9.2,42.5,0.3,1.7,17.0,5.5,7.6,72.1,5.0,3.0,,,,,,
436,Kameron Gibson,G,32,30.8,13.6,5.0,10.8,45.8,2.4,6.0,40.4,1.2,1.8,68.4,2.1,1.9,,,,,,
438,DJ Laster,F,34,26.4,13.6,5.6,10.2,55.2,0.7,1.6,41.1,1.6,2.5,65.5,5.4,0.4,,,,,,
438,Bruno Fernando,F,34,30.0,13.6,5.1,8.4,60.7,0.1,0.3,30.0,3.3,4.3,77.9,10.6,2.0,Yes,34.0,2019.0,Yes,34.0,2019.0
440,Lamontray Harris,F,29,27.7,13.6,5.4,10.4,52.5,0.5,1.8,29.4,2.2,2.8,77.8,8.2,1.6,,,,,,
441,Chris Porter-Bunton,F,31,27.0,13.6,4.6,9.5,49.1,1.2,2.7,42.9,3.1,4.5,69.8,4.9,2.0,,,,,,
441,Jordan Cohen,G,31,31.8,13.6,4.4,8.4,52.3,1.5,3.2,47.5,3.3,3.8,85.7,3.9,3.6,,,,,,
441,David McFarland,G,31,29.8,13.6,4.6,11.3,40.6,1.6,5.4,30.4,2.8,3.6,77.5,3.8,1.6,,,,,,
444,Marcus Evans,G,33,26.8,13.6,4.2,9.8,42.5,1.2,4.5,27.3,4.0,5.2,77.3,3.1,3.2,,,,,,
445,Nathan Hoover,G,35,28.6,13.6,4.4,9.6,45.7,2.6,5.6,46.9,2.2,2.4,90.6,2.5,1.0,,,,,,
446,Ty Jerome,G,37,33.9,13.6,4.8,11.1,43.5,2.1,5.4,39.9,1.8,2.5,73.6,4.2,5.5,Yes,24.0,2019.0,Yes,24.0,2019.0
447,Trhae Mitchell,F,34,34.2,13.6,5.1,10.8,47.8,1.0,2.4,42.0,2.3,3.5,64.7,7.6,3.6,,,,,,
448,Myles Stephens,G,27,33.4,13.6,5.0,11.9,42.4,0.8,3.3,25.0,2.7,3.6,73.5,6.4,1.1,,,,,,
448,Tyler Bey,C,36,26.2,13.6,5.1,9.4,54.1,0.1,0.6,22.7,3.2,4.1,78.2,9.9,0.6,Yes,36.0,2020.0,,,
450,Dante Scott,G,31,31.8,13.5,4.6,12.1,38.3,1.3,3.6,34.5,3.0,4.2,72.1,5.2,1.8,,,,,,
451,Quinton Adlesh,G,28,31.3,13.5,5.2,12.2,42.7,2.5,6.7,37.2,0.6,0.9,70.8,2.6,2.5,,,,,,
452,Martin Krampelj,F,35,25.3,13.5,5.1,8.5,59.2,0.7,2.0,37.1,2.7,4.2,63.3,6.9,0.8,,,,,,
453,Cameron Tyson,G,32,25.4,13.5,4.4,10.6,41.9,3.3,7.7,42.9,1.3,1.5,87.5,1.9,0.8,,,,,,
453,Devonte Patterson,F,32,28.0,13.5,4.6,9.3,49.3,0.4,2.0,20.0,3.9,5.4,72.3,5.0,1.2,,,,,,
455,Ruben Guerrero,C,33,29.9,13.5,5.7,9.3,61.1,0.0,0.0,0.0,2.2,3.3,65.1,8.4,0.6,,,,,,
456,Josh McFolley,G,31,33.4,13.5,4.4,10.1,43.0,2.1,5.4,39.3,2.6,3.5,76.6,2.1,2.6,,,,,,
457,Cam Reddish,F,36,29.7,13.5,4.3,12.0,35.6,2.5,7.4,33.3,2.4,3.2,77.2,3.7,1.9,Yes,10.0,2019.0,Yes,10.0,2019.0
458,Kira Lewis Jr,G,34,31.6,13.5,4.6,10.7,43.3,1.6,4.4,35.8,2.6,3.4,78.3,2.6,2.9,,,,,,
459,Tyrn Flowers,F,32,31.8,13.5,5.1,10.7,47.2,2.3,6.0,38.9,1.0,1.5,65.3,6.6,2.0,,,,,,
460,Jordan Bone,G,37,32.9,13.5,5.0,10.8,46.5,1.4,3.8,35.5,2.1,2.5,83.5,3.2,5.8,Yes,57.0,2019.0,Yes,57.0,2019.0
460,Keldon Johnson,G,37,30.7,13.5,4.6,10.1,46.1,1.2,3.2,38.1,2.9,4.2,70.3,5.9,1.6,Yes,29.0,2019.0,Yes,29.0,2019.0
462,Tahjai Teague,F,33,28.2,13.5,5.3,9.6,55.0,0.4,1.5,26.0,2.5,3.7,66.9,7.5,1.2,,,,,,
463,Isaiah White,G,31,33.5,13.5,5.1,12.5,41.1,1.7,5.9,29.7,1.5,2.0,73.8,3.6,1.6,,,,,,
463,Jaquan Dotson,G,31,31.4,13.5,4.6,10.4,44.6,2.0,6.4,31.5,2.2,3.0,71.3,6.8,2.0,,,,,,
465,TJ Gibbs,G,32,36.1,13.4,4.3,12.4,34.7,2.1,6.6,31.8,2.7,3.6,75.7,1.9,3.4,,,,,,
466,Skylar Mays,G,35,33.1,13.4,4.1,9.7,42.1,1.6,5.0,31.3,3.7,4.3,86.0,3.3,2.1,Yes,50.0,2020.0,,,
467,Ed Polite Jr,ATH,33,33.5,13.4,4.9,9.6,51.6,0.8,2.5,32.1,2.7,3.7,74.4,9.5,1.6,,,,,,
467,James Akinjo,G,33,31.6,13.4,3.9,10.6,36.5,1.6,4.0,39.1,4.1,5.0,81.2,2.9,5.2,,,,,,
469,A.J. Lawson,G,29,30.5,13.4,4.5,10.9,41.1,1.7,4.6,35.8,2.8,4.1,66.7,4.3,2.9,,,,,,
470,Laquincy Rideau,G,35,32.1,13.4,4.6,11.3,40.9,1.5,4.6,33.8,2.6,4.7,54.9,3.7,5.4,,,,,,
471,Cameron Delaney,G,33,31.5,13.4,4.4,9.4,46.6,2.3,5.4,43.5,2.2,2.7,82.2,5.5,2.0,,,,,,
471,Derrick Alston Jr,G,33,27.8,13.4,4.4,9.1,48.5,1.7,4.4,38.4,2.9,3.5,81.9,3.9,1.1,,,,,,
473,Armoni Brooks,G,37,30.7,13.4,4.6,11.5,40.5,3.3,8.4,39.0,0.8,1.2,63.0,6.3,0.9,,,,,,
474,Xavian Stapleton,F,26,22.5,13.3,4.6,10.1,45.8,2.2,6.0,36.9,1.9,2.3,80.3,4.7,0.7,,,,,,
475,Elijah Minnie,F,30,32.3,13.3,4.7,11.5,41.3,2.4,7.3,32.6,1.5,1.9,77.6,4.5,1.1,,,,,,
475,Sam Iorio,F,27,37.3,13.3,4.7,11.1,42.1,2.3,6.6,34.8,1.7,2.1,82.1,6.5,2.0,,,,,,
477,Josh Cunningham,F,31,29.4,13.3,5.0,7.9,63.9,0.2,0.5,42.9,3.0,4.9,62.3,6.2,1.5,,,,,,
478,Nate Pierre-Louis,G,33,34.3,13.3,4.6,10.1,45.9,0.8,2.5,31.0,3.2,4.8,66.7,5.8,2.1,,,,,,
479,Quintin Dove,F,31,23.8,13.3,5.2,8.6,59.7,0.3,0.9,35.7,2.6,3.2,81.0,5.2,0.4,,,,,,
480,Cortez Edwards,G,33,33.7,13.2,5.3,11.6,45.8,0.8,2.4,33.3,1.8,2.5,71.1,6.2,3.4,,,,,,
481,Mfiondu Kabengele,F,37,21.6,13.2,4.4,8.8,50.2,0.6,1.8,36.9,3.7,4.9,76.1,5.9,0.3,Yes,27.0,2019.0,Yes,27.0,2019.0
482,Ivy Smith Jr,G,33,31.0,13.2,3.6,8.8,40.5,0.7,2.3,32.0,5.3,6.5,81.9,3.3,4.9,,,,,,
482,Ithiel Horton,G,33,32.6,13.2,4.6,10.6,43.3,2.4,5.8,40.9,1.7,2.1,78.6,3.1,1.6,,,,,,
482,Tajuan Agee,F,33,27.5,13.2,4.6,10.0,45.8,1.1,3.0,35.7,3.0,4.1,72.8,8.0,1.2,,,,,,
485,Brendan Barry,G,30,35.6,13.2,4.5,9.7,46.6,2.7,6.1,44.5,1.4,1.7,86.0,3.2,3.2,,,,,,
486,Rich Kelly,G,26,34.4,13.2,4.1,9.1,44.9,2.4,5.3,45.7,2.6,3.1,85.0,2.6,4.5,,,,,,
487,Jordan Chatman,G,27,35.6,13.2,4.1,10.9,37.6,2.1,6.1,34.8,2.9,3.5,81.9,2.2,2.0,,,,,,
488,Michael Steadman,F,31,30.5,13.2,5.5,11.3,48.3,0.2,0.7,22.7,2.1,3.4,61.3,8.5,0.9,,,,,,
489,Conner Toolson,G,32,31.9,13.2,4.8,11.1,43.5,2.1,5.9,34.7,1.5,1.9,78.3,3.2,1.0,,,,,,
490,Jalen Crutcher,G,33,36.5,13.2,4.6,11.1,41.9,2.1,5.8,36.3,1.8,2.5,70.7,4.0,5.7,,,,,,
491,Jaylen Hoard,F,31,30.2,13.1,4.9,10.7,45.8,0.4,1.7,22.6,2.9,4.1,71.7,7.6,1.5,,,,,,
492,Jarred Dixon,G,32,31.1,13.1,4.7,10.5,44.5,1.4,4.3,33.3,2.4,3.2,73.8,2.6,1.4,,,,,,
492,Vance Jackson,F,32,27.8,13.1,4.3,10.6,40.5,1.8,5.4,33.1,2.8,4.3,65.0,7.0,2.7,,,,,,
494,Ahmed Hill,G,35,35.3,13.1,4.7,10.6,44.3,2.1,5.5,39.1,1.6,2.0,81.2,3.9,1.3,,,,,,
495,Mac McClung,G,29,26.4,13.1,4.4,11.2,39.2,1.3,4.9,27.7,3.0,3.8,79.8,2.6,2.0,,,,,,
496,Amauri Hardy,G,31,29.6,13.1,4.5,10.1,43.9,1.5,4.3,34.1,2.7,4.0,68.5,3.0,3.5,,,,,,
497,Luka Garza,C,32,23.6,13.1,4.9,9.2,53.1,0.7,2.3,29.2,2.7,3.3,80.4,4.5,0.9,Yes,52.0,2021.0,,,
498,Elijah Cain,G,35,33.9,13.1,4.5,10.7,42.4,1.7,4.8,36.3,2.3,3.4,68.6,3.1,3.4,,,,,,
499,Christian Peevy,F,29,24.0,13.1,4.2,7.8,53.5,0.1,0.4,33.3,4.6,5.2,87.5,4.4,1.0,,,,,,
